lat,lon,label,placename,weeklyactive,totalactive,weeklyrecovered,totalrecovered,weeklydeaths,totaldeaths,weight,timestamp,hexcol,hexrow
5.57822,100.3515345,Daerah: Kuala Muda<br>No:x<br>Hex coord:(1;0),Kampung Hujung Tepi Sungai. Kedah. Malaysia,0,0,0,0,0,0,1,2021-09-14T04:22:36.429Z,1,0
5.586,100.3650689,Daerah: Kuala Muda<br>No:x<br>Hex coord:(2;0),Kampung Permatang Kelompang. Kedah. Malaysia,0,0,0,0,0,0,1,2021-09-14T04:22:36.279Z,2,0
5.57822,100.3786034,Daerah: Seberang Perai Utara<br>No:1<br>Hex coord:(3;0),Permatang Bendahari. Seberang Perai. Malaysia,0,0,0,0,0,0,1,2021-09-14T04:22:36.279Z,3,0
5.57822,100.4056724,Daerah: Kuala Muda<br>No:x<br>Hex coord:(5;0),Sekolah Kebangsaan Rantau Panjang. Kedah. Malaysia,0,0,0,0,0,0,1,2021-09-14T04:22:36.279Z,5,0
5.57044,100.3380001,Daerah: Seberang Perai Utara<br>No:x<br>Hex coord:(0;1),North Seberang Perai District. Seberang Perai. Malaysia,0,0,0,0,0,0,1,2021-09-14T04:22:36.430Z,0,1
5.56266,100.3515345,Daerah: Seberang Perai Utara<br>No:2<br>Hex coord:(1;1),Kampung Bakau Tua. Seberang Perai. Malaysia,0,0,0,0,0,0,1,2021-09-14T04:22:36.429Z,1,1
5.57044,100.3650689,Daerah: Seberang Perai Utara<br>No:3<br>Hex coord:(2;1),Pulau Mertajam. Seberang Perai. Malaysia,0,0,0,0,0,0,1,2021-09-14T04:22:36.430Z,2,1
5.56266,100.3786034,Daerah: Seberang Perai Utara<br>No:4<br>Hex coord:(3;1),Kampung Permatang Kabu. Seberang Perai. Malaysia,0,0,0,0,0,0,1,2021-09-14T04:22:36.431Z,3,1
5.57044,100.3921379,Daerah: Seberang Perai Utara<br>No:5<br>Hex coord:(4;1),Kampung Permatang Kabu. Seberang Perai. Malaysia,0,0,0,0,0,0,1,2021-09-14T04:22:36.433Z,4,1
5.56266,100.4056724,Daerah: Seberang Perai Utara<br>No:6<br>Hex coord:(5;1),Taman Bongor Muda. 08600. Penang. Malaysia,0,0,0,0,0,0,1,2021-09-14T04:22:36.434Z,5,1
5.57044,100.4192068,Daerah: Kuala Muda<br>No:x<br>Hex coord:(6;1),Kampung Sungai Korok. 08600. Kedah. Malaysia,0,0,0,0,0,0,1,2021-09-14T04:22:36.433Z,6,1
5.56266,100.4327413,Daerah: Seberang Perai Utara<br>No:x<br>Hex coord:(7;1),Taman Bongor Muda. 08600. Penang. Malaysia,0,0,0,0,0,0,1,2021-09-14T04:22:36.434Z,7,1
5.57044,100.4462758,Daerah: Kuala Muda<br>No:x<br>Hex coord:(8;1),Taman Seri Pekula 1. 08600. Kedah. Malaysia,0,0,0,0,0,0,1,2021-09-14T04:22:36.433Z,8,1
5.56266,100.4598103,Daerah: Seberang Perai Utara<br>No:7<br>Hex coord:(9;1),Lahar Tiang. 08600. Penang. Malaysia,0,0,0,0,0,0,1,2021-09-14T04:22:36.438Z,9,1
5.57044,100.4733447,Daerah: Kuala Muda<br>No:x<br>Hex coord:(10;1),Kampung Kepala Bukit. 08600. Kedah. Malaysia,0,0,0,0,0,0,1,2021-09-14T04:22:36.430Z,10,1
5.56266,100.4868792,Daerah: Seberang Perai Utara<br>No:8<br>Hex coord:(11;1),Lahar Tiang. 08600. Penang. Malaysia,0,0,0,0,0,0,1,2021-09-14T04:22:36.439Z,11,1
5.57044,100.5004137,Daerah: Kuala Muda<br>No:x<br>Hex coord:(12;1),Kuala Muda. Kedah. Malaysia,0,0,0,0,0,0,1,2021-09-14T04:22:36.430Z,12,1
5.56266,100.5139482,Daerah: Kuala Muda<br>No:x<br>Hex coord:(13;1),Kampung Pantai Perai. Kedah. Malaysia,0,0,0,0,0,0,1,2021-09-14T04:22:36.439Z,13,1
5.55488,100.3650689,Daerah: Seberang Perai Utara<br>No:9<br>Hex coord:(2;2),Jalan Pasir Gebu. Kota Kuala Muda. Seberang Perai Utara. Malaysia,0,0,0,0,0,0,1,2021-09-14T04:22:36.530Z,2,2
5.5471,100.3786034,Daerah: Seberang Perai Utara<br>No:10<br>Hex coord:(3;2),Pusat Tuisyen Aura Berjaya. Jalan Penaga. Taman Penaga Permai. 13100 Penaga. Penang. Malaysia,0,0,0,0,0,0,1,2021-09-14T04:22:36.531Z,3,2
5.55488,100.3921379,Daerah: Seberang Perai Utara<br>No:11<br>Hex coord:(4;2),P102. Kampung Permatang Kabu. 13100. Penang. Malaysia,0,0,0,0,0,0,1,2021-09-14T04:22:36.532Z,4,2
5.5471,100.4056724,Daerah: Seberang Perai Utara<br>No:12<br>Hex coord:(5;2),Kampung Permatang Kabu. 13100. Penang. Malaysia,0,0,0,0,0,0,1,2021-09-14T04:22:36.533Z,5,2
5.55488,100.4192068,Daerah: Seberang Perai Utara<br>No:13<br>Hex coord:(6;2),Durian Wenny Kg. Guar Kepah. 1421 Guar Kepah. 13200 Kepala Batas. Penang. Malaysia,0,0,0,0,0,0,1,2021-09-14T04:22:36.534Z,6,2
5.5471,100.4327413,Daerah: Seberang Perai Utara<br>No:14<br>Hex coord:(7;2),Euan Auto Centre. Kepala Batas. Seberang Perai Utara. Malaysia,0,0,0,0,0,0,1,2021-09-14T04:22:36.536Z,7,2
5.55488,100.4462758,Daerah: Seberang Perai Utara<br>No:15<br>Hex coord:(8;2),Permatang Tinggi Bakar Bata. 08600. Penang. Malaysia,0,0,0,0,0,0,1,2021-09-14T04:22:36.536Z,8,2
5.5471,100.4598103,Daerah: Seberang Perai Utara<br>No:16<br>Hex coord:(9;2),Jalan Paya Keladi. Kepala Batas. Penang. Malaysia,0,0,0,0,0,0,1,2021-09-14T04:22:36.537Z,9,2
5.55488,100.4733447,Daerah: Seberang Perai Utara<br>No:17<br>Hex coord:(10;2),Lahar Tiang. 08600. Penang. Malaysia,0,0,0,0,0,0,1,2021-09-14T04:22:36.538Z,10,2
5.5471,100.4868792,Daerah: Seberang Perai Utara<br>No:18<br>Hex coord:(11;2),Pangkalan Udara JBPM Bertam. Kepala Batas. Penang. Malaysia,0,0,0,0,0,0,1,2021-09-14T04:22:36.540Z,11,2
5.55488,100.5004137,Daerah: Seberang Perai Utara<br>No:19<br>Hex coord:(12;2),Pinang Tunggal. Seberang Perai. Malaysia,0,0,0,0,0,0,1,2021-09-14T04:22:36.540Z,12,2
5.5471,100.5139482,Daerah: Seberang Perai Utara<br>No:20<br>Hex coord:(13;2),Kampung Lembah Raja. Seberang Perai. Malaysia,0,0,0,0,0,0,1,2021-09-14T04:22:36.541Z,13,2
5.55488,100.5274826,Daerah: Kuala Muda<br>No:x<br>Hex coord:(14;2),Kampung Pantai Perai. Kedah. Malaysia,0,0,0,0,0,0,1,2021-09-14T04:22:36.540Z,14,2
5.53932,100.3650689,Daerah: Seberang Perai Utara<br>No:x<br>Hex coord:(2;3),Kuala Sungai Tembus. 13100 Penaga. Penang. Malaysia,0,0,0,0,0,0,1,2021-09-14T04:22:36.634Z,2,3
5.53154,100.3786034,Daerah: Seberang Perai Utara<br>No:21<br>Hex coord:(3;3),Taman Penaga Permai. 13100. Penang. Malaysia,0,0,0,0,0,0,1,2021-09-14T04:22:36.632Z,3,3
5.53932,100.3921379,Daerah: Seberang Perai Utara<br>No:22<br>Hex coord:(4;3),Taman Penaga Permai. 13100. Penang. Malaysia,0,0,0,0,0,0,1,2021-09-14T04:22:36.634Z,4,3
5.53154,100.4056724,Daerah: Seberang Perai Utara<br>No:23<br>Hex coord:(5;3),460 Jalan Permatang Kuang. 13100 Kepala Batas. Penang. Malaysia,0,0,0,0,0,0,1,2021-09-14T04:22:36.634Z,5,3
5.53932,100.4192068,Daerah: Seberang Perai Utara<br>No:24<br>Hex coord:(6;3),Kampung Padang. 13200. Penang. Malaysia,0,0,0,0,0,0,1,2021-09-14T04:22:36.635Z,6,3
5.53154,100.4327413,Daerah: Seberang Perai Utara<br>No:25<br>Hex coord:(7;3),Taman Bertam Indah. 13200 Kepala Batas. Penang. Malaysia,0,0,0,0,0,0,1,2021-09-14T04:22:36.637Z,7,3
5.53932,100.4462758,Daerah: Seberang Perai Utara<br>No:26<br>Hex coord:(8;3),SK Paya Keladi. 13200 Kepala Batas. Penang. Malaysia,0,0,0,0,0,0,1,2021-09-14T04:22:36.639Z,8,3
5.53154,100.4598103,Daerah: Seberang Perai Utara<br>No:27<br>Hex coord:(9;3),Paya Keladi Hujung. 13200. Penang. Malaysia,0,0,0,0,0,0,1,2021-09-14T04:22:36.640Z,9,3
5.53932,100.4733447,Daerah: Seberang Perai Utara<br>No:28<br>Hex coord:(10;3),Bertam Perdana. 13200. Penang. Malaysia,0,0,0,0,0,0,1,2021-09-14T04:22:36.641Z,10,3
5.53154,100.4868792,Daerah: Seberang Perai Utara<br>No:29<br>Hex coord:(11;3),Lahar Tiang. 13200. Penang. Malaysia,0,0,0,0,0,0,1,2021-09-14T04:22:36.643Z,11,3
5.53932,100.5004137,Daerah: Seberang Perai Utara<br>No:30<br>Hex coord:(12;3),Kampung Padang Beka. Seberang Perai. Malaysia,0,0,0,0,0,0,1,2021-09-14T04:22:36.644Z,12,3
5.53154,100.5139482,Daerah: Seberang Perai Utara<br>No:31<br>Hex coord:(13;3),Sungai Korok. 13300. Penang. Malaysia,0,0,0,0,0,0,1,2021-09-14T04:22:36.645Z,13,3
5.53932,100.5274826,Daerah: Seberang Perai Utara<br>No:32<br>Hex coord:(14;3),North Seberang Perai District. 09400. Penang. Malaysia,0,0,0,0,0,0,1,2021-09-14T04:22:36.646Z,14,3
5.52376,100.3650689,Daerah: Seberang Perai Utara<br>No:x<br>Hex coord:(2;4),Taman Bekah Indah. 13100. Penang. Malaysia,0,0,0,0,0,0,1,2021-09-14T04:22:36.739Z,2,4
5.51598,100.3786034,Daerah: Seberang Perai Utara<br>No:33<br>Hex coord:(3;4),Taman Bekah Indah. 13100. Penang. Malaysia,0,0,0,0,0,0,1,2021-09-14T04:22:36.738Z,3,4
5.52376,100.3921379,Daerah: Seberang Perai Utara<br>No:34<br>Hex coord:(4;4),Taman Penaga Permai. 13100. Penang. Malaysia,0,0,0,0,0,0,1,2021-09-14T04:22:36.739Z,4,4
5.51598,100.4056724,Daerah: Seberang Perai Utara<br>No:35<br>Hex coord:(5;4),Taman Sepakat. 13100. Penang. Malaysia,0,0,0,0,0,0,1,2021-09-14T04:22:36.740Z,5,4
5.52376,100.4192068,Daerah: Seberang Perai Utara<br>No:36<br>Hex coord:(6;4),Taliair Utama. Kepala Batas. Penang. Malaysia,0,0,0,0,0,0,1,2021-09-14T04:22:36.741Z,6,4
5.51598,100.4327413,Daerah: Seberang Perai Utara<br>No:37<br>Hex coord:(7;4),Pusat Fesyen Ekonomi V Jaya. 13200 Kepala Batas. Penang. Malaysia,0,0,0,0,0,0,1,2021-09-14T04:22:36.742Z,7,4
5.52376,100.4462758,Daerah: Seberang Perai Utara<br>No:38<br>Hex coord:(8;4),Penang Golf Resort. 1687 Jalan Tun Hamdan Sheikh Tahir. Bertam. 13200. Penang. Malaysia,0,0,0,0,0,0,1,2021-09-14T04:22:36.743Z,8,4
5.51598,100.4598103,Daerah: Seberang Perai Utara<br>No:39<br>Hex coord:(9;4),Bertam. 13200. Penang. Malaysia,0,0,0,0,0,0,1,2021-09-14T04:22:36.743Z,9,4
5.52376,100.4733447,Daerah: Seberang Perai Utara<br>No:40<br>Hex coord:(10;4),Giatmara Kepala Batas. Kepala Batas. Penang. Malaysia,0,0,0,0,0,0,1,2021-09-14T04:22:36.744Z,10,4
5.51598,100.4868792,Daerah: Seberang Perai Utara<br>No:41<br>Hex coord:(11;4),SK Bertam Putra. Persiaran Perindustrian Bertam Perdana. Bandar Putra Bertam. 13200. Penang. Malaysia,0,0,0,0,0,0,1,2021-09-14T04:22:36.745Z,11,4
5.52376,100.5004137,Daerah: Seberang Perai Utara<br>No:42<br>Hex coord:(12;4),Pokok Jenerih. 13300. Penang. Malaysia,0,0,0,0,0,0,1,2021-09-14T04:22:36.745Z,12,4
5.51598,100.5139482,Daerah: Seberang Perai Utara<br>No:43<br>Hex coord:(13;4),Hock Eng Estate. Tasek Gelugor. Seberang Perai Utara. Malaysia,0,0,0,0,0,0,1,2021-09-14T04:22:36.746Z,13,4
5.52376,100.5274826,Daerah: Kuala Muda<br>No:44<br>Hex coord:(14;4),3456 Lorong Serai Wangi 15/11. Padang Serai. Kedah. Malaysia,0,0,0,0,0,0,1,2021-09-14T04:22:36.747Z,14,4
5.50042,100.3786034,Daerah: Seberang Perai Utara<br>No:45<br>Hex coord:(3;5),Titi Mukim. 13100. Penang. Malaysia,0,0,0,0,0,0,1,2021-09-14T04:22:36.832Z,3,5
5.5082,100.3921379,Daerah: Seberang Perai Utara<br>No:46<br>Hex coord:(4;5),Titi Mukim. 13100. Penang. Malaysia,0,0,0,0,0,0,1,2021-09-14T04:22:36.834Z,4,5
5.50042,100.4056724,Daerah: Seberang Perai Utara<br>No:47<br>Hex coord:(5;5),Masjid Al-Mubarak Permatang Bogak. Butterworth. Penang. Malaysia,0,0,0,0,0,0,1,2021-09-14T04:22:36.834Z,5,5
5.5082,100.4192068,Daerah: Seberang Perai Utara<br>No:48<br>Hex coord:(6;5),Taman Sepakat. 13200. Penang. Malaysia,0,0,0,0,0,0,1,2021-09-14T04:22:36.835Z,6,5
5.50042,100.4327413,Daerah: Seberang Perai Utara<br>No:49<br>Hex coord:(7;5),Lorong Seri Indah 7. Kepala Batas. Penang. Malaysia,0,0,0,0,0,0,1,2021-09-14T04:22:36.836Z,7,5
5.5082,100.4462758,Daerah: Seberang Perai Utara<br>No:50<br>Hex coord:(8;5),Bertam. 13200. Penang. Malaysia,0,0,0,0,0,0,1,2021-09-14T04:22:36.838Z,8,5
5.50042,100.4598103,Daerah: Seberang Perai Utara<br>No:51<br>Hex coord:(9;5),Kampung Tersusun Pongsu Seribu. 13200. Penang. Malaysia,0,0,0,0,0,0,1,2021-09-14T04:22:36.838Z,9,5
5.5082,100.4733447,Daerah: Seberang Perai Utara<br>No:52<br>Hex coord:(10;5),Kampung Tok Bedu. 13200. Penang. Malaysia,0,0,0,0,0,0,1,2021-09-14T04:22:36.839Z,10,5
5.50042,100.4868792,Daerah: Seberang Perai Utara<br>No:53<br>Hex coord:(11;5),Taman Sepadu Baru. 13300. Penang. Malaysia,0,0,0,0,0,0,1,2021-09-14T04:22:36.840Z,11,5
5.5082,100.5004137,Daerah: Seberang Perai Utara<br>No:54<br>Hex coord:(12;5),Taman Sepadu Baru. 13300. Penang. Malaysia,0,0,0,0,0,0,1,2021-09-14T04:22:36.841Z,12,5
5.50042,100.5139482,Daerah: Seberang Perai Utara<br>No:55<br>Hex coord:(13;5),Kampung Tasek. 13300. Penang. Malaysia,0,0,0,0,0,0,1,2021-09-14T04:22:36.843Z,13,5
5.5082,100.5274826,Daerah: Seberang Perai Utara<br>No:56<br>Hex coord:(14;5),Kampung Baharu. 13300. Penang. Malaysia,0,0,0,0,0,0,1,2021-09-14T04:22:36.844Z,14,5
5.48486,100.3786034,Daerah: Seberang Perai Utara<br>No:57<br>Hex coord:(3;6),Pekan Baru. 13050. Penang. Malaysia,0,0,0,0,0,0,1,2021-09-14T04:22:36.939Z,3,6
5.49264,100.3921379,Daerah: Seberang Perai Utara<br>No:58<br>Hex coord:(4;6),Jalan Permatang Tok Gelam. 13050 Butterworth. Penang. Malaysia,0,0,0,0,0,0,1,2021-09-14T04:22:36.941Z,4,6
5.48486,100.4056724,Daerah: Seberang Perai Utara<br>No:59<br>Hex coord:(5;6),Kampung Paya. 13050. Penang. Malaysia,0,0,0,0,0,0,1,2021-09-14T04:22:36.942Z,5,6
5.49264,100.4192068,Daerah: Seberang Perai Utara<br>No:60<br>Hex coord:(6;6),Permatang Tiga. 13220. Penang. Malaysia,0,0,0,0,0,0,1,2021-09-14T04:22:36.943Z,6,6
5.48486,100.4327413,Daerah: Seberang Perai Utara<br>No:61<br>Hex coord:(7;6),Kampung Telor. 13220. Penang. Malaysia,0,0,0,0,0,0,1,2021-09-14T04:22:36.944Z,7,6
5.49264,100.4462758,Daerah: Seberang Perai Utara<br>No:62<br>Hex coord:(8;6),Taman Orkid Indah. 13220. Penang. Malaysia,0,0,0,0,0,0,1,2021-09-14T04:22:36.945Z,8,6
5.48486,100.4598103,Daerah: Seberang Perai Utara<br>No:63<br>Hex coord:(9;6),Taman Desa Sena. 13220. Penang. Malaysia,0,0,0,0,0,0,1,2021-09-14T04:22:36.947Z,9,6
5.49264,100.4733447,Daerah: Seberang Perai Utara<br>No:64<br>Hex coord:(10;6),Pokok Machang. 13300. Penang. Malaysia,0,0,0,0,0,0,1,2021-09-14T04:22:36.947Z,10,6
5.48486,100.4868792,Daerah: Seberang Perai Utara<br>No:65<br>Hex coord:(11;6),Jalan Hashim Awang. 13300 Tasek Gelugor. Penang. Malaysia,0,0,0,0,0,0,1,2021-09-14T04:22:36.948Z,11,6
5.49264,100.5004137,Daerah: Seberang Perai Utara<br>No:66<br>Hex coord:(12;6),Taman Sepadu Baru. 13300. Penang. Malaysia,0,0,0,0,0,0,1,2021-09-14T04:22:36.949Z,12,6
5.48486,100.5139482,Daerah: Seberang Perai Utara<br>No:67<br>Hex coord:(13;6),Mayfield Estate. Tasek Gelugor. Seberang Perai Utara. Malaysia,0,0,0,0,0,0,1,2021-09-14T04:22:36.949Z,13,6
5.49264,100.5274826,Daerah: Kulim<br>No:x<br>Hex coord:(14;6),Taman Lagenda. 13300. Kedah. Malaysia,0,0,0,0,0,0,1,2021-09-14T04:22:36.949Z,14,6
5.4693,100.3786034,Daerah: Seberang Perai Utara<br>No:x<br>Hex coord:(3;7),Teluk Air Tawar. 13050. Penang. Malaysia,0,0,0,0,0,0,1,2021-09-14T04:22:37.122Z,3,7
5.47708,100.3921379,Daerah: Seberang Perai Utara<br>No:68<br>Hex coord:(4;7),Taman Air Tawar Indah. 13050 Butterworth. Penang. Malaysia,0,0,0,0,0,0,1,2021-09-14T04:22:37.120Z,4,7
5.4693,100.4056724,Daerah: Seberang Perai Utara<br>No:69<br>Hex coord:(5;7),UMNO Cawangan Pekan Darat. 1199 Jalan Pekan Darat. 13800 Butterworth. Penang. Malaysia,0,0,0,0,0,0,1,2021-09-14T04:22:37.122Z,5,7
5.47708,100.4192068,Daerah: Seberang Perai Utara<br>No:70<br>Hex coord:(6;7),North됩outh Expressway. Pokok Simpor. 13220. Penang. Malaysia,0,0,0,0,0,0,1,2021-09-14T04:22:37.123Z,6,7
5.4693,100.4327413,Daerah: Seberang Perai Utara<br>No:71<br>Hex coord:(7;7),Kampung Tobiar. 13220. Penang. Malaysia,0,0,0,0,0,0,1,2021-09-14T04:22:37.124Z,7,7
5.47708,100.4462758,Daerah: Seberang Perai Utara<br>No:72<br>Hex coord:(8;7),Ara Rendang. 13220. Penang. Malaysia,0,0,0,0,0,0,1,2021-09-14T04:22:37.125Z,8,7
5.4693,100.4598103,Daerah: Seberang Perai Utara<br>No:73<br>Hex coord:(9;7),Lubuk Meriam. 13220. Penang. Malaysia,0,0,0,0,0,0,1,2021-09-14T04:22:37.126Z,9,7
5.47708,100.4733447,Daerah: Seberang Perai Utara<br>No:74<br>Hex coord:(10;7),Lahar Tambun. 13300. Penang. Malaysia,0,0,0,0,0,0,1,2021-09-14T04:22:37.126Z,10,7
5.4693,100.4868792,Daerah: Seberang Perai Utara<br>No:75<br>Hex coord:(11;7),Taman Saga. 13300. Penang. Malaysia,0,0,0,0,0,0,1,2021-09-14T04:22:37.127Z,11,7
5.47708,100.5004137,Daerah: Seberang Perai Utara<br>No:76<br>Hex coord:(12;7),Taman Haji Ahmad Jamil. 13300 Tasek Gelugor. Penang. Malaysia,0,0,0,0,0,0,1,2021-09-14T04:22:37.128Z,12,7
5.4693,100.5139482,Daerah: Seberang Perai Utara<br>No:77<br>Hex coord:(13;7),Jalan Desa Rakyat. Tasek Gelugor. Penang. Malaysia,0,0,0,0,0,0,1,2021-09-14T04:22:37.130Z,13,7
5.47708,100.5274826,Daerah: Seberang Perai Utara<br>No:x<br>Hex coord:(14;7),Ladang Eng Choon. Kulim. Malaysia,0,0,0,0,0,0,1,2021-09-14T04:22:36.949Z,14,7
5.45374,100.3786034,Daerah: Seberang Perai Utara<br>No:x<br>Hex coord:(3;8),Bagan Lebai Tahir. 13000. Penang. Malaysia,0,0,0,0,0,0,1,2021-09-14T04:22:37.228Z,3,8
5.46152,100.3921379,Daerah: Seberang Perai Utara<br>No:78<br>Hex coord:(4;8),Butterworth Air Force Base. Tingkat Pahlawan 10. Teluk Air Tawar. 13050. Penang. Malaysia,0,0,0,0,0,0,1,2021-09-14T04:22:37.227Z,4,8
5.45374,100.4056724,Daerah: Seberang Perai Utara<br>No:79<br>Hex coord:(5;8),Kampung Alor Merah. 13800. Penang. Malaysia,0,0,0,0,0,0,1,2021-09-14T04:22:37.228Z,5,8
5.46152,100.4192068,Daerah: Seberang Perai Utara<br>No:80<br>Hex coord:(6;8),North됩outh Expressway. Kampung Tok Rai. 13800. Penang. Malaysia,0,0,0,0,0,0,1,2021-09-14T04:22:37.228Z,6,8
5.45374,100.4327413,Daerah: Seberang Perai Utara<br>No:81<br>Hex coord:(7;8),Sungai Dua Water Treatment Plant. Lorong Merbau Indah 5. Sungai Dua. 13800. Penang. Malaysia,0,0,0,0,0,0,1,2021-09-14T04:22:37.229Z,7,8
5.46152,100.4462758,Daerah: Seberang Perai Utara<br>No:82<br>Hex coord:(8;8),Jalan Pokok Sena. Tasek Gelugor. Seberang Perai Utara. Malaysia,0,0,0,0,0,0,1,2021-09-14T04:22:37.230Z,8,8
5.45374,100.4598103,Daerah: Seberang Perai Utara<br>No:83<br>Hex coord:(9;8),Sungai Tongkat. Tasek Gelugor. Seberang Perai Utara. Malaysia,0,0,0,0,0,0,1,2021-09-14T04:22:37.230Z,9,8
5.46152,100.4733447,Daerah: Seberang Perai Utara<br>No:84<br>Hex coord:(10;8),Padang Tonson. 13300. Penang. Malaysia,0,0,0,0,0,0,1,2021-09-14T04:22:37.231Z,10,8
5.45374,100.4868792,Daerah: Seberang Perai Utara<br>No:85<br>Hex coord:(11;8),P127. Bukit Mertajam. Penang. Malaysia,0,0,0,0,0,0,1,2021-09-14T04:22:37.232Z,11,8
5.46152,100.5004137,Daerah: Seberang Perai Utara<br>No:86<br>Hex coord:(12;8),Taman Saga. 13300. Penang. Malaysia,0,0,0,0,0,0,1,2021-09-14T04:22:37.232Z,12,8
5.45374,100.5139482,Daerah: Lunas<br>No:87<br>Hex coord:(13;8),Institut Kemahiran MARA Seberang Perai Utara. Lot 398 Jalan Ara Kuda. 13300 Lunas. Kedah. Malaysia,0,0,0,0,0,0,1,2021-09-14T04:22:37.233Z,13,8
5.46152,100.5274826,Daerah: Kulim<br>No:x<br>Hex coord:(14;8),Ladang Wellesley. Kulim. Kedah. Malaysia,0,0,0,0,0,0,1,2021-09-14T04:22:36.949Z,14,8
5.43818,100.3786034,Daerah: Seberang Perai Utara<br>No:88<br>Hex coord:(3;9),1816 Taman Pantai Intan. Bagan Ajam. 13000 Butterworth. Penang. Malaysia,92,0,0,0,0,0,1,2021-09-14T04:22:37.316Z,3,9
5.44596,100.3921379,Daerah: Seberang Perai Utara<br>No:89<br>Hex coord:(4;9),Sungai Puyu. Butterworth Outer Ring Road. Sungai Puyu. 13020 Butterworth. Penang. Malaysia,125,0,0,0,0,0,1,2021-09-14T04:22:37.317Z,4,9
5.43818,100.4056724,Daerah: Seberang Perai Utara<br>No:90<br>Hex coord:(5;9),Kampung Tok Sani. 13400. Penang. Malaysia,26,0,0,0,0,0,1,2021-09-14T04:22:37.318Z,5,9
5.44596,100.4192068,Daerah: Seberang Perai Utara<br>No:91<br>Hex coord:(6;9),581 Kampung Teluk. Jalan Sungai Dua. 13800 Butterworth. Penang. Malaysia,0,0,0,0,0,0,1,2021-09-14T04:22:37.320Z,6,9
5.43818,100.4327413,Daerah: Seberang Perai Utara<br>No:92<br>Hex coord:(7;9),Taman Desa Murni. 13800 Butterworth. Penang. Malaysia,0,0,0,0,0,0,1,2021-09-14T04:22:37.321Z,7,9
5.44596,100.4733447,Daerah: Seberang Perai Utara<br>No:93<br>Hex coord:(10;9),Jalan Padang Menora. Kampung Guar Petai. 14400. Penang. Malaysia,0,0,0,0,0,0,1,2021-09-14T04:22:37.325Z,10,9
5.43818,100.4868792,Daerah: Seberang Perai Utara<br>No:94<br>Hex coord:(11;9),Frog Lake. P116. Kampung Guar Petai. 14400 Bukit Mertajam. Penang. Malaysia,0,0,0,0,0,0,1,2021-09-14T04:22:37.326Z,11,9
5.44596,100.5004137,Daerah: Seberang Perai Utara<br>No:95<br>Hex coord:(12;9),Kampung Guar Petai. 13300. Penang. Malaysia,0,0,0,0,0,0,1,2021-09-14T04:22:37.328Z,12,9
5.43818,100.5139482,Daerah: Lunas<br>No:96<br>Hex coord:(13;9),Institut Kemahiran MARA Seberang Perai Utara. Lot 398 Jalan Ara Kuda. 13300 Lunas. Kedah. Malaysia,0,0,0,0,0,0,1,2021-09-14T04:22:37.329Z,13,9
5.44596,100.5274826,Daerah: Lunas<br>No:x<br>Hex coord:(14;9),Bandar Permata Lunas. Lunas. Kedah. Malaysia,0,0,0,0,0,0,1,2021-09-14T04:22:36.949Z,14,9
5.42262,100.3786034,Daerah: Seberang Perai Utara<br>No:97<br>Hex coord:(3;10),Medan Riang. Taman Riang 12200 Butterworth. Penang. Malaysia,143,0,0,0,0,0,1,2021-09-14T04:22:37.413Z,3,10
5.4304,100.3921379,Daerah: Seberang Perai Utara<br>No:98<br>Hex coord:(4;10),Royaltea. 2 Lorong Mesra Permai 6. 13400 Butterworth. Penang. Malaysia,209,0,0,0,0,0,1,2021-09-14T04:22:37.414Z,4,10
5.41484,100.3650689,Daerah: Seberang Perai Utara<br>No:99<br>Hex coord:(2;11),North Butterwoth Container Terminal. Butterworth. Penang. Malaysia,39,0,0,0,0,0,1,2021-09-14T04:22:37.501Z,2,11
5.40706,100.3786034,Daerah: Seberang Perai Utara<br>No:100<br>Hex coord:(3;11),Sungai Nyior. 12000. Penang. Malaysia,184,0,0,0,0,0,1,2021-09-14T04:22:37.502Z,3,11
5.41484,100.3921379,Daerah: Seberang Perai Utara<br>No:101<br>Hex coord:(4;11),Mak Mandin Industrial Area. 12300 Butterworth. Penang. Malaysia,57,0,0,0,0,0,1,2021-09-14T04:22:37.504Z,4,11
5.39928,100.3650689,Daerah: Seberang Perai Utara<br>No:102<br>Hex coord:(2;12),Malaysia Smelting Corporation Berhad. Jalan Pantai. Butterworth. Penang. Malaysia,72,0,0,0,0,0,1,2021-09-14T04:22:37.603Z,2,12
5.44596,100.4462758,Daerah: Seberang Perai Tengah<br>No:1<br>Hex coord:(8;9),Kampung Kota. 13800. Penang. Malaysia,0,0,0,0,0,0,1,2021-09-14T04:22:40.177Z,8,9
5.43818,100.4598103,Daerah: Seberang Perai Tengah<br>No:2<br>Hex coord:(9;9),North Seberang Perai District. 14400. Penang. Malaysia,0,0,0,0,0,0,1,2021-09-14T04:22:40.178Z,9,9
5.42262,100.4056724,Daerah: Seberang Perai Tengah<br>No:3<br>Hex coord:(5;10),Kampong Tanjong Putus. 13400. Penang. Malaysia,82,0,0,0,0,0,1,2021-09-14T04:22:40.261Z,5,10
5.4304,100.4192068,Daerah: Seberang Perai Tengah<br>No:4<br>Hex coord:(6;10),Sungai Sintok. Permatang Pauh. Seberang Perai Tengah. Malaysia,0,0,0,0,0,0,1,2021-09-14T04:22:40.262Z,6,10
5.42262,100.4327413,Daerah: Seberang Perai Tengah<br>No:5<br>Hex coord:(7;10),Permatang Pasir. 13500. Penang. Malaysia,0,0,0,0,0,0,1,2021-09-14T04:22:40.263Z,7,10
5.4304,100.4462758,Daerah: Seberang Perai Tengah<br>No:6<br>Hex coord:(8;10),Permatang Pasir. 14400. Penang. Malaysia,0,0,0,0,0,0,1,2021-09-14T04:22:40.264Z,8,10
5.42262,100.4598103,Daerah: Seberang Perai Tengah<br>No:7<br>Hex coord:(9;10),Kampung Padang Tembusu. 14400. Penang. Malaysia,0,0,0,0,0,0,1,2021-09-14T04:22:40.265Z,9,10
5.4304,100.4733447,Daerah: Seberang Perai Tengah<br>No:8<br>Hex coord:(10;10),Pusat Khidmat Ahli Parlimen Permatang Pauh P044. Lot 1612 Jalan Guar Perahu. 14400 Bukit Mertajam. Penang. Malaysia,0,0,0,0,0,0,1,2021-09-14T04:22:40.265Z,10,10
5.42262,100.4868792,Daerah: Seberang Perai Tengah<br>No:9<br>Hex coord:(11;10),Taman Mengkuang Indah. 14400. Penang. Malaysia,0,0,0,0,0,0,1,2021-09-14T04:22:40.266Z,11,10
5.4304,100.5004137,Daerah: Seberang Perai Tengah<br>No:10<br>Hex coord:(12;10),Huap Kean Choong Estate. Lunas. Kulim. Malaysia,0,0,0,0,0,0,1,2021-09-14T04:22:40.267Z,12,10
5.42262,100.5139482,Daerah: Seberang Perai Tengah<br>No:11<br>Hex coord:(13;10),Kampung Telok Wang. 09000. Penang. Malaysia,0,0,0,0,0,0,1,2021-09-14T04:22:40.269Z,13,10
5.4304,100.5274826,Daerah: Kulim<br>No:x<br>Hex coord:(14;10),Taman Desa Sentosa. 09600. Kedah. Malaysia,0,0,0,0,0,0,1,2021-09-14T04:22:36.949Z,14,10
5.40706,100.4056724,Daerah: Seberang Perai Tengah<br>No:12<br>Hex coord:(5;11),River Tropics Condominium. Seberang Jaya. Penang. Malaysia,175,0,0,0,0,0,1,2021-09-14T04:22:40.338Z,5,11
5.41484,100.4192068,Daerah: Seberang Perai Tengah<br>No:13<br>Hex coord:(6;11),Permatang Pasir. 13500. Penang. Malaysia,0,0,0,0,0,0,1,2021-09-14T04:22:40.338Z,6,11
5.40706,100.4327413,Daerah: Seberang Perai Tengah<br>No:14<br>Hex coord:(7;11),Permatang Pasir. 13500. Penang. Malaysia,0,0,0,0,0,0,1,2021-09-14T04:22:40.339Z,7,11
5.41484,100.4462758,Daerah: Seberang Perai Tengah<br>No:15<br>Hex coord:(8;11),Permatang Pasir. 14400. Penang. Malaysia,0,0,0,0,0,0,1,2021-09-14T04:22:40.340Z,8,11
5.40706,100.4598103,Daerah: Seberang Perai Tengah<br>No:16<br>Hex coord:(9;11),Kampung Petani. 14400. Penang. Malaysia,0,0,0,0,0,0,1,2021-09-14T04:22:40.341Z,9,11
5.41484,100.4733447,Daerah: Seberang Perai Tengah<br>No:17<br>Hex coord:(10;11),Bukit Gua Ipoh. Bukit Mertajam. Seberang Perai Tengah. Malaysia,0,0,0,0,0,0,1,2021-09-14T04:22:40.342Z,10,11
5.40706,100.4868792,Daerah: Seberang Perai Tengah<br>No:18<br>Hex coord:(11;11),Jalan Mengkuang. Taman Mengkuang Indah. 14400 Bukit Mertajam. Penang. Malaysia,0,0,0,0,0,0,1,2021-09-14T04:22:40.343Z,11,11
5.41484,100.5004137,Daerah: Seberang Perai Tengah<br>No:19<br>Hex coord:(12;11),Ladang Bukit Langkap. Bukit Mertajam. Seberang Perai Tengah. Malaysia,0,0,0,0,0,0,1,2021-09-14T04:22:40.344Z,12,11
5.40706,100.5139482,Daerah: Seberang Perai Tengah<br>No:20<br>Hex coord:(13;11),Ladang Ken Tong Ung. Seberang Perai Tengah. Malaysia,0,0,0,0,0,0,1,2021-09-14T04:22:40.345Z,13,11
5.41484,100.5274826,Daerah: Seberang Perai Utara<br>No:x<br>Hex coord:(14;11),Butterworth Kulim Expressway. Kampung Telok Wang. 09000. Penang. Malaysia,0,0,0,0,0,0,1,2021-09-14T04:22:36.949Z,14,11
5.3915,100.3786034,Daerah: Seberang Perai Tengah<br>No:21<br>Hex coord:(3;12),Taman Perai Utama. Butterworth. Penang. Malaysia,180,0,0,0,0,0,1,2021-09-14T04:22:40.418Z,3,12
5.39928,100.3921379,Daerah: Seberang Perai Tengah<br>No:22<br>Hex coord:(4;12),Lorong Jelawat 2. Seberang Jaya Industrial Area. Butterworth. Penang. Malaysia,72,0,0,0,0,0,1,2021-09-14T04:22:40.418Z,4,12
5.3915,100.4056724,Daerah: Seberang Perai Tengah<br>No:23<br>Hex coord:(5;12),Pangsapuri B3. Seberang Jaya. Seberang Perai Tengah. Malaysia,0,0,0,0,0,0,1,2021-09-14T04:22:40.419Z,5,12
5.39928,100.4192068,Daerah: Seberang Perai Tengah<br>No:24<br>Hex coord:(6;12),Permatang Janggus. 13500. Penang. Malaysia,0,0,0,0,0,0,1,2021-09-14T04:22:40.420Z,6,12
5.3915,100.4327413,Daerah: Seberang Perai Tengah<br>No:25<br>Hex coord:(7;12),Sungai Hutan Nibung. Bukit Mertajam. Seberang Perai Tengah. Malaysia,0,0,0,0,0,0,1,2021-09-14T04:22:40.421Z,7,12
5.39928,100.4462758,Daerah: Seberang Perai Tengah<br>No:26<br>Hex coord:(8;12),Butterworth Kulim Expressway. Permatang Pasir. 13500. Penang. Malaysia,0,0,0,0,0,0,1,2021-09-14T04:22:40.421Z,8,12
5.3915,100.4598103,Daerah: Seberang Perai Tengah<br>No:27<br>Hex coord:(9;12),Parit Tepi TNB. Bukit Mertajam. Penang. Malaysia,0,0,0,0,0,0,1,2021-09-14T04:22:40.422Z,9,12
5.39928,100.4733447,Daerah: Seberang Perai Tengah<br>No:28<br>Hex coord:(10;12),Payung Sejahtera. 1593 Jalan Abdul Kadir. 14000 Bukit Mertajam. Penang. Malaysia,0,0,0,0,0,0,1,2021-09-14T04:22:40.423Z,10,12
5.3915,100.4868792,Daerah: Seberang Perai Tengah<br>No:29<br>Hex coord:(11;12),Hock Teik Cheng Sin Berapit Cemetery ??????. Bukit Mertajam. Penang. Malaysia,0,0,0,0,0,0,1,2021-09-14T04:22:40.425Z,11,12
5.39928,100.5004137,Daerah: Seberang Perai Tengah<br>No:30<br>Hex coord:(12;12),Taman Seri Akasia. 09000. Penang. Malaysia,0,0,0,0,0,0,1,2021-09-14T04:22:40.426Z,12,12
5.3915,100.5139482,Daerah: Seberang Perai Tengah<br>No:31<br>Hex coord:(13;12),Arch Perkampungan Sungai Lembu ???????. Kulim. Malaysia,0,0,0,0,0,0,1,2021-09-14T04:22:40.427Z,13,12
5.39928,100.5274826,Daerah: Seberang Perai Utara<br>No:x<br>Hex coord:(14;12),Paya Tok Chagar. Kulim. Malaysia,0,0,0,0,0,0,1,2021-09-14T04:22:36.949Z,14,12
5.38372,100.3650689,Daerah: Seberang Perai Tengah<br>No:x<br>Hex coord:(2;13),Kuala Perai. Butterworth. Seberang Perai Utara. Malaysia,1,0,0,0,0,0,1,2021-09-14T04:22:40.505Z,2,13
5.37594,100.3786034,Daerah: Seberang Perai Tengah<br>No:32<br>Hex coord:(3;13),Prai. 13600. Penang. Malaysia,0,0,0,0,0,0,1,2021-09-14T04:22:40.505Z,3,13
5.38372,100.3921379,Daerah: Seberang Perai Tengah<br>No:33<br>Hex coord:(4;13),Hong Leong Bank. Lebuh Kurau 1. Prai. 13700 Perai. Penang. Malaysia,0,0,0,0,0,0,1,2021-09-14T04:22:40.505Z,4,13
5.37594,100.4056724,Daerah: Seberang Perai Tengah<br>No:34<br>Hex coord:(5;13),Tiles City. Lorong Irama 1. Prai. 13600 Perai. Penang. Malaysia,0,0,0,0,0,0,1,2021-09-14T04:22:40.507Z,5,13
5.38372,100.4192068,Daerah: Seberang Perai Tengah<br>No:35<br>Hex coord:(6;13),Jalan Permatang Pauh. Kampung Pertama. 13500 Permatang Pauh. Penang. Malaysia,0,0,0,0,0,0,1,2021-09-14T04:22:40.508Z,6,13
5.37594,100.4327413,Daerah: Seberang Perai Tengah<br>No:36<br>Hex coord:(7;13),Bukit Tengah. 13500. Penang. Malaysia,0,0,0,0,0,0,1,2021-09-14T04:22:40.508Z,7,13
5.38372,100.4462758,Daerah: Seberang Perai Tengah<br>No:37<br>Hex coord:(8;13),Taman Tan Sai Gin. 13500. Penang. Malaysia,0,0,0,0,0,0,1,2021-09-14T04:22:40.509Z,8,13
5.37594,100.4598103,Daerah: Seberang Perai Tengah<br>No:38<br>Hex coord:(9;13),Sekolah Islam Al-Masriyah (SABK). 1267 Jalan Abdul Kadir. 14000 Bukit Mertajam. Penang. Malaysia,0,0,0,0,0,0,1,2021-09-14T04:22:40.509Z,9,13
5.38372,100.4733447,Daerah: Seberang Perai Tengah<br>No:39<br>Hex coord:(10;13),Taman Berapit Indah. 14400. Penang. Malaysia,0,0,0,0,0,0,1,2021-09-14T04:22:40.510Z,10,13
5.37594,100.4868792,Daerah: Seberang Perai Tengah<br>No:40<br>Hex coord:(11;13),Cherok To'kun. 14400. Penang. Malaysia,0,0,0,0,0,0,1,2021-09-14T04:22:40.510Z,11,13
5.38372,100.5004137,Daerah: Seberang Perai Tengah<br>No:41<br>Hex coord:(12;13),Mengkuang Reservoir. Jalan Berapit. Taman Mutiara Jaya. 09000. Penang. Malaysia,0,0,0,0,0,0,1,2021-09-14T04:22:40.512Z,12,13
5.37594,100.5139482,Daerah: Seberang Perai Tengah<br>No:42<br>Hex coord:(13;13),Blissful Memorial Park. Kulim. Malaysia,0,0,0,0,0,0,1,2021-09-14T04:22:40.512Z,13,13
5.38372,100.5274826,Daerah: Kulim<br>No:x<br>Hex coord:(14;13),Jl. Ara 7. Kulim. Kedah. Malaysia,0,0,0,0,0,0,1,2021-09-14T04:22:36.949Z,14,13
5.36038,100.3786034,Daerah: Seberang Perai Tengah<br>No:x<br>Hex coord:(3;14),Prai. 13600. Penang. Malaysia,0,0,0,0,0,0,1,2021-09-14T04:22:40.590Z,3,14
5.36816,100.3921379,Daerah: Seberang Perai Tengah<br>No:43<br>Hex coord:(4;14),NSTP. Jalan Perusahaan. Prai. 13600 Perai. Penang. Malaysia,0,0,0,0,0,0,1,2021-09-14T04:22:40.589Z,4,14
5.36038,100.4056724,Daerah: Seberang Perai Tengah<br>No:44<br>Hex coord:(5;14),Jalan Perusahaan. Perai,0,0,0,0,0,0,1,2021-09-14T04:22:40.590Z,5,14
5.36816,100.4192068,Daerah: Seberang Perai Tengah<br>No:45<br>Hex coord:(6;14),Kampung Tersusun Jalan Pauh. Bukit Mertajam. Penang. Malaysia,0,0,0,0,0,0,1,2021-09-14T04:22:40.591Z,6,14
5.36038,100.4327413,Daerah: Seberang Perai Tengah<br>No:46<br>Hex coord:(7;14),Kampung Siam. 13600. Penang. Malaysia,0,0,0,0,0,0,1,2021-09-14T04:22:40.592Z,7,14
5.36816,100.4462758,Daerah: Seberang Perai Tengah<br>No:47<br>Hex coord:(8;14),Ren Ci Global Village Sdn. Bhd. Bukit Mertajam. Penang. Malaysia,0,0,0,0,0,0,1,2021-09-14T04:22:40.592Z,8,14
5.36038,100.4598103,Daerah: Seberang Perai Tengah<br>No:48<br>Hex coord:(9;14),440 Jalan Chan Ewe Pin. 14000 Bukit Mertajam. Penang. Malaysia,0,0,0,0,0,0,1,2021-09-14T04:22:40.593Z,9,14
5.36816,100.4733447,Daerah: Seberang Perai Tengah<br>No:49<br>Hex coord:(10;14),Kampung Besar. 14000. Penang. Malaysia,0,0,0,0,0,0,1,2021-09-14T04:22:40.594Z,10,14
5.36038,100.4868792,Daerah: Seberang Perai Tengah<br>No:50<br>Hex coord:(11;14),Ladang Saint Annes. Bukit Mertajam. Seberang Perai Tengah. Malaysia,0,0,0,0,0,0,1,2021-09-14T04:22:40.594Z,11,14
5.36816,100.5004137,Daerah: Seberang Perai Tengah<br>No:51<br>Hex coord:(12;14),Bukit Mertajam Recreational Forest. Bukit Mertajam. Seberang Perai Tengah. Malaysia,0,0,0,0,0,0,1,2021-09-14T04:22:40.595Z,12,14
5.36038,100.5139482,Daerah: Seberang Perai Tengah<br>No:52<br>Hex coord:(13;14),Kampung Pulau Pisang. 14020. Penang. Malaysia,0,0,0,0,0,0,1,2021-09-14T04:22:40.596Z,13,14
5.36816,100.5274826,Daerah: Kulim<br>No:x<br>Hex coord:(14;14),Lor. Angsana 17/2. 09000 Kulim. Kedah. Malaysia,0,0,0,0,0,0,1,2021-09-14T04:22:36.949Z,14,14
5.3526,100.3921379,Daerah: Seberang Perai Tengah<br>No:53<br>Hex coord:(4;15),Jalan Perusahaan Maju 4 574. 13600 Perai,0,0,0,0,0,0,1,2021-09-14T04:22:40.669Z,4,15
5.34482,100.4056724,Daerah: Seberang Perai Tengah<br>No:54<br>Hex coord:(5;15),Lorong Perusahaan 8. Prai Industrial Estatw. 13600 Perai. Penang. Malaysia,0,0,0,0,0,0,1,2021-09-14T04:22:40.670Z,5,15
5.3526,100.4192068,Daerah: Seberang Perai Tengah<br>No:55<br>Hex coord:(6;15),Kenny Rogers Roaster. No.8 Lorong Setia Sentral 2. 14000 Bukit Mertajam. Penang. Malaysia,0,0,0,0,0,0,1,2021-09-14T04:22:40.671Z,6,15
5.34482,100.4327413,Daerah: Seberang Perai Tengah<br>No:56<br>Hex coord:(7;15),Jooi Brothers Sdn. Bhd.. Jalan Pengkalan. Bukit Tengah. 13600. Penang. Malaysia,0,0,0,0,0,0,1,2021-09-14T04:22:40.671Z,7,15
5.3526,100.4462758,Daerah: Seberang Perai Tengah<br>No:57<br>Hex coord:(8;15),Lintang Tembikai. Bukit Mertajam. Penang. Malaysia,0,0,0,0,0,0,1,2021-09-14T04:22:40.672Z,8,15
5.34482,100.4598103,Daerah: Seberang Perai Tengah<br>No:58<br>Hex coord:(9;15),Lorong Saujana Permai 5. Bukit Mertajam. Penang. Malaysia,0,0,0,0,0,0,1,2021-09-14T04:22:40.673Z,9,15
5.3526,100.4733447,Daerah: Seberang Perai Tengah<br>No:59<br>Hex coord:(10;15),2285 Jalan Kulim. 14000 Bukit Mertajam. Penang. Malaysia,0,0,0,0,0,0,1,2021-09-14T04:22:40.674Z,10,15
5.34482,100.4868792,Daerah: Seberang Perai Tengah<br>No:60<br>Hex coord:(11;15),SK Juara. Lorong Masjid. Kampung Jalan Kilang Ubi. 14000. Penang. Malaysia,0,0,0,0,0,0,1,2021-09-14T04:22:40.676Z,11,15
5.3526,100.5004137,Daerah: Seberang Perai Tengah<br>No:61<br>Hex coord:(12;15),60178771250 Nandaka Vihara Meditation Society. Bukit Mertajam. Penang. Malaysia,0,0,0,0,0,0,1,2021-09-14T04:22:40.677Z,12,15
5.34482,100.5139482,Daerah: Seberang Perai Tengah<br>No:62<br>Hex coord:(13;15),Kampung Pulau Pisang. 14020. Penang. Malaysia,0,0,0,0,0,0,1,2021-09-14T04:22:40.678Z,13,15
5.3526,100.5274826,Daerah: Kulim<br>No:x<br>Hex coord:(14;15),Jl. Cengal 1a. Kulim. Kedah. Malaysia,0,0,0,0,0,0,1,2021-09-14T04:22:36.949Z,14,15
5.32926,100.4056724,Daerah: Seberang Perai Tengah<br>No:63<br>Hex coord:(5;16),Bukit Juru Forest Reserve. Jalan Juru. Taman Mengkudu. 14100. Penang. Malaysia,0,0,0,0,0,0,1,2021-09-14T04:22:40.755Z,5,16
5.33704,100.4192068,Daerah: Seberang Perai Tengah<br>No:64<br>Hex coord:(6;16),Lorong Perusahaan Maju 6. Prai Industrial Estatw. 13600 Perai. Penang. Malaysia,0,0,0,0,0,0,1,2021-09-14T04:22:40.756Z,6,16
5.32926,100.4327413,Daerah: Seberang Perai Tengah<br>No:65<br>Hex coord:(7;16),Premium Sound Solutions Sdn. Bhd. 1552(A) Jalan Perusahaan. 13600 Bukit Mertajam. Penang. Malaysia,0,0,0,0,0,0,1,2021-09-14T04:22:40.757Z,7,16
5.33704,100.4462758,Daerah: Seberang Perai Tengah<br>No:66<br>Hex coord:(8;16),Lorong Titi Panjang 5. Bukit Minyak. 14000 Bukit Mertajam. Penang. Malaysia,0,0,0,0,0,0,1,2021-09-14T04:22:40.758Z,8,16
5.32926,100.4598103,Daerah: Seberang Perai Tengah<br>No:67<br>Hex coord:(9;16),Lorong Bukit Minyak Utama 30. Bukit Mertajam. Penang. Malaysia,0,0,0,0,0,0,1,2021-09-14T04:22:40.758Z,9,16
5.33704,100.4733447,Daerah: Seberang Perai Tengah<br>No:68<br>Hex coord:(10;16),Solok Damai. Bukit Mertajam. Penang. Malaysia,0,0,0,0,0,0,1,2021-09-14T04:22:40.759Z,10,16
5.32926,100.4868792,Daerah: Seberang Perai Tengah<br>No:69<br>Hex coord:(11;16),26 Halaman Rusa. 14000 Bukit Mertajam. Penang. Malaysia,0,0,0,0,0,0,1,2021-09-14T04:22:40.760Z,11,16
5.33704,100.5004137,Daerah: Seberang Perai Tengah<br>No:70<br>Hex coord:(12;16),Lorong Machang Bubok 33. Bukit Mertajam. Penang. Malaysia,0,0,0,0,0,0,1,2021-09-14T04:22:40.761Z,12,16
5.32926,100.5139482,Daerah: Seberang Perai Tengah<br>No:71<br>Hex coord:(13;16),17 Lorong Jambu 6. Bukit Mertajam. Penang. Malaysia,0,0,0,0,0,0,1,2021-09-14T04:22:40.762Z,13,16
5.33704,100.5274826,Daerah: Seberang Perai Tengah<br>No:72<br>Hex coord:(14;16),Bukit Machang Bubok. Bukit Mertajam. Seberang Perai Tengah. Malaysia,0,0,0,0,0,0,1,2021-09-14T04:22:40.762Z,14,16
5.3137,100.4056724,Daerah: Seberang Perai Tengah<br>No:x<br>Hex coord:(5;17),Dataran Semilang. Sungai Sembilang. Perai. Penang. Malaysia,0,0,0,0,0,0,1,2021-09-14T04:22:40.845Z,5,17
5.32148,100.4192068,Daerah: Seberang Perai Tengah<br>No:73<br>Hex coord:(6;17),11 Jalan Juru Indah. Juru. Penang. Malaysia,0,0,0,0,0,0,1,2021-09-14T04:22:40.845Z,6,17
5.3137,100.4327413,Daerah: Seberang Perai Tengah<br>No:74<br>Hex coord:(7;17),2604 Jalan IKS Juru. Juru. 14100. Penang. Malaysia,0,0,0,0,0,0,1,2021-09-14T04:22:40.845Z,7,17
5.32148,100.4462758,Daerah: Seberang Perai Tengah<br>No:75<br>Hex coord:(8;17),Jalan Juru 2. 14100 Bukit Mertajam. Penang. Malaysia,0,0,0,0,0,0,1,2021-09-14T04:22:40.847Z,8,17
5.3137,100.4598103,Daerah: Seberang Perai Tengah<br>No:76<br>Hex coord:(9;17),Lorong Asas Jaya 19. Bukit Mertajam. Penang. Malaysia,0,0,0,0,0,0,1,2021-09-14T04:22:40.848Z,9,17
5.32148,100.4733447,Daerah: Seberang Perai Tengah<br>No:77<br>Hex coord:(10;17),Lorong Seri Kijang 8. Taman Seri Kijang. 14000 Bukit Mertajam. Penang. Malaysia,0,0,0,0,0,0,1,2021-09-14T04:22:40.849Z,10,17
5.3137,100.4868792,Daerah: Seberang Perai Tengah<br>No:78<br>Hex coord:(11;17),Impian Residence. Bukit Mertajam. Penang. Malaysia,0,0,0,0,0,0,1,2021-09-14T04:22:40.850Z,11,17
5.32148,100.5004137,Daerah: Seberang Perai Tengah<br>No:79<br>Hex coord:(12;17),Ladang Alma. Bukit Mertajam. Seberang Perai Tengah. Malaysia,0,0,0,0,0,0,1,2021-09-14T04:22:40.852Z,12,17
5.3137,100.5139482,Daerah: Seberang Perai Tengah<br>No:80<br>Hex coord:(13;17),Kampung Berangan Sembilan. 14020. Penang. Malaysia,0,0,0,0,0,0,1,2021-09-14T04:22:40.853Z,13,17
5.32148,100.5274826,Daerah: Seberang Perai Tengah<br>No:81<br>Hex coord:(14;17),Ladang Macang Bubuk. Seberang Perai Tengah. Malaysia,0,0,0,0,0,0,1,2021-09-14T04:22:40.853Z,14,17
5.30592,100.4192068,Daerah: Seberang Perai Tengah<br>No:82<br>Hex coord:(6;18),27 Lorong Juru Indah 11. Juru. Penang. Malaysia,0,0,0,0,0,0,1,2021-09-14T04:22:40.932Z,6,18
5.29814,100.4327413,Daerah: Seberang Perai Tengah<br>No:83<br>Hex coord:(7;18),Juru. 14100. Penang. Malaysia,0,0,0,0,0,0,1,2021-09-14T04:22:40.933Z,7,18
5.30592,100.4462758,Daerah: Seberang Perai Tengah<br>No:84<br>Hex coord:(8;18),Lorong Perindustrian Bukit Minyak 15. Bukit Mertajam. Penang. Malaysia,0,0,0,0,0,0,1,2021-09-14T04:22:40.934Z,8,18
5.29814,100.4598103,Daerah: Seberang Perai Tengah<br>No:85<br>Hex coord:(9;18),Lengkok Perindustrian Bukit Minyak 3. 14100 Bukit Mertajam. Penang. Malaysia,0,0,0,0,0,0,1,2021-09-14T04:22:40.935Z,9,18
5.30592,100.4733447,Daerah: Seberang Perai Tengah<br>No:86<br>Hex coord:(10;18),Essex Malaysia Sdn Bhd. Lot 1192 Jalan Permatang Tinggi. 14000 Bukit Mertajam. Penang. Malaysia,0,0,0,0,0,0,1,2021-09-14T04:22:40.935Z,10,18
5.29814,100.4868792,Daerah: Seberang Perai Tengah<br>No:87<br>Hex coord:(11;18),Permatang Tinggi. 14120. Penang. Malaysia,0,0,0,0,0,0,1,2021-09-14T04:22:40.936Z,11,18
5.30592,100.5004137,Daerah: Seberang Perai Tengah<br>No:88<br>Hex coord:(12;18),Bukit Teh. 14020. Penang. Malaysia,0,0,0,0,0,0,1,2021-09-14T04:22:40.936Z,12,18
5.30592,100.5274826,Daerah: Seberang Perai Tengah<br>No:89<br>Hex coord:(14;18),Ladang Sim Lee. Seberang Perai Tengah. Malaysia,0,0,0,0,0,0,1,2021-09-14T04:22:40.938Z,14,18
5.29036,100.4192068,Daerah: Seberang Perai Tengah<br>No:90<br>Hex coord:(6;19),Juru. 14100. Penang. Malaysia,0,0,0,0,0,0,1,2021-09-14T04:22:41.013Z,6,19
5.29036,100.4462758,Daerah: Seberang Perai Tengah<br>No:91<br>Hex coord:(8;19),Lorong Perindustrian Bukit Minyak 19. Bukit Mertajam. Penang. Malaysia,0,0,0,0,0,0,1,2021-09-14T04:22:41.017Z,8,19
5.29036,100.4733447,Daerah: Seberang Perai Tengah<br>No:92<br>Hex coord:(10;19),Permatang Tinggi. Simpang Ampat. Seberang Perai. Malaysia,0,0,0,0,0,0,1,2021-09-14T04:22:41.021Z,10,19
5.29814,100.5139482,Daerah: Seberang Perai Selatan<br>No:1<br>Hex coord:(13;18),Kampung Seberang Tasik. Simpang Ampat. Seberang Perai. Malaysia,0,0,0,0,0,0,1,2021-09-14T04:22:43.041Z,13,18
5.28258,100.4327413,Daerah: Seberang Perai Selatan<br>No:2<br>Hex coord:(7;19),Sungai Jawi. Batu Kawan. Penang. Malaysia,0,0,0,0,0,0,1,2021-09-14T04:22:43.092Z,7,19
5.28258,100.4598103,Daerah: Seberang Perai Selatan<br>No:3<br>Hex coord:(9;19),Jalan Seri Tambun 1. Simpang Ampat. Penang. Malaysia,0,0,0,0,0,0,1,2021-09-14T04:22:43.093Z,9,19
5.28258,100.4868792,Daerah: Seberang Perai Selatan<br>No:4<br>Hex coord:(11;19),Indah Water. Simpang Ampat. Penang. Malaysia,0,0,0,0,0,0,1,2021-09-14T04:22:43.094Z,11,19
5.29036,100.5004137,Daerah: Seberang Perai Selatan<br>No:5<br>Hex coord:(12;19),P125. Simpang Ampat. Penang. Malaysia,0,0,0,0,0,0,1,2021-09-14T04:22:43.094Z,12,19
5.28258,100.5139482,Daerah: Seberang Perai Selatan<br>No:6<br>Hex coord:(13;19),Lorong IKS Tasek 4. Taman IKS Tasek. Simpang Ampat. Penang. Malaysia,0,0,0,0,0,0,1,2021-09-14T04:22:43.095Z,13,19
5.29036,100.5274826,Daerah: Seberang Perai Selatan<br>No:7<br>Hex coord:(14;19),Sungai Jawi. Seberang Perai. Malaysia,0,0,0,0,0,0,1,2021-09-14T04:22:43.095Z,14,19
5.28258,100.5410171,Daerah: Seberang Perai Selatan<br>No:x<br>Hex coord:(15;19),Sungai Junjong. Simpang Ampat. Penang. Malaysia,0,0,0,0,0,0,1,2021-09-14T04:22:43.307Z,15,19
5.26702,100.4056724,Daerah: Seberang Perai Selatan<br>No:x<br>Hex coord:(5;20),Jeti Pulau Aman. Pengkalan Cassia. Bandar Cassia. 14110. Penang. Malaysia,0,0,0,0,0,0,1,2021-09-14T04:22:43.145Z,5,20
5.2748,100.4192068,Daerah: Seberang Perai Selatan<br>No:8<br>Hex coord:(6;20),Bukit Batu Kawan Forest. Jalan Pengkalan Batu Kawan. Pengkalan Batu Kawan. 14110. Penang. Malaysia,0,0,0,0,0,0,1,2021-09-14T04:22:43.144Z,6,20
5.26702,100.4327413,Daerah: Seberang Perai Selatan<br>No:9<br>Hex coord:(7;20),Hong Seng Estate. Batu Kawan. Seberang Perai Selatan. Malaysia,0,0,0,0,0,0,1,2021-09-14T04:22:43.145Z,7,20
5.2748,100.4462758,Daerah: Seberang Perai Selatan<br>No:10<br>Hex coord:(8;20),Bukit Tambun. Simpang Ampat. Seberang Perai. Malaysia,0,0,0,0,0,0,1,2021-09-14T04:22:43.145Z,8,20
5.26702,100.4598103,Daerah: Seberang Perai Selatan<br>No:11<br>Hex coord:(9;20),North됩outh Expressway. Bukit Tambun. Simpang Ampat. Penang. Malaysia,0,0,0,0,0,0,1,2021-09-14T04:22:43.146Z,9,20
5.2748,100.4733447,Daerah: Seberang Perai Selatan<br>No:12<br>Hex coord:(10;20),Lorong Cegar 1. Bukit Tambun. Simpang Ampat. Penang. Malaysia,0,0,0,0,0,0,1,2021-09-14T04:22:43.147Z,10,20
5.26702,100.4868792,Daerah: Seberang Perai Selatan<br>No:13<br>Hex coord:(11;20),Akademi Memandu Berjaya Sdn. Bhd.. 2402 Pergerakan Selekoh Z. Bukit Tambun. 14100 Simpang Ampat. Penang. Malaysia,0,0,0,0,0,0,1,2021-09-14T04:22:43.147Z,11,20
5.2748,100.5004137,Daerah: Seberang Perai Selatan<br>No:14<br>Hex coord:(12;20),Jalan Tasek Mutiara 10. Simpang Ampat. Penang. Malaysia,0,0,0,0,0,0,1,2021-09-14T04:22:43.148Z,12,20
5.26702,100.5139482,Daerah: Seberang Perai Selatan<br>No:15<br>Hex coord:(13;20),Jalan Valdor. Sungai Jawi. Simpang Ampat. Penang. Malaysia,0,0,0,0,0,0,1,2021-09-14T04:22:43.148Z,13,20
5.2748,100.5274826,Daerah: Seberang Perai Selatan<br>No:16<br>Hex coord:(14;20),Sungai Jawi. Seberang Perai. Malaysia,0,0,0,0,0,0,1,2021-09-14T04:22:43.149Z,14,20
5.26702,100.5410171,Daerah: Seberang Perai Selatan<br>No:x<br>Hex coord:(15;20),Ladang Ayer Puteh. Kulim. Malaysia,0,0,0,0,0,0,1,2021-09-14T04:22:43.307Z,15,20
5.25924,100.4192068,Daerah: Seberang Perai Selatan<br>No:17<br>Hex coord:(6;21),Jalan Batu Kawan. Bandar Cassia. 14110. Penang. Malaysia,0,0,0,0,0,0,1,2021-09-14T04:22:43.194Z,6,21
5.25146,100.4327413,Daerah: Seberang Perai Selatan<br>No:18<br>Hex coord:(7;21),Pulau Batu Kawan. Batu Kawan. Seberang Perai Selatan. Malaysia,0,0,0,0,0,0,1,2021-09-14T04:22:43.195Z,7,21
5.25924,100.4462758,Daerah: Seberang Perai Selatan<br>No:19<br>Hex coord:(8;21),Sungai Binjai. Batu Kawan. Seberang Perai Selatan. Malaysia,0,0,0,0,0,0,1,2021-09-14T04:22:43.196Z,8,21
5.25146,100.4598103,Daerah: Seberang Perai Selatan<br>No:20<br>Hex coord:(9;21),Sungai Jawi. Penang. Malaysia,0,0,0,0,0,0,1,2021-09-14T04:22:43.197Z,9,21
5.25924,100.4733447,Daerah: Seberang Perai Selatan<br>No:21<br>Hex coord:(10;21),Jalan Paboi. Simpang Ampat. Penang. Malaysia,0,0,0,0,0,0,1,2021-09-14T04:22:43.197Z,10,21
5.25146,100.4868792,Daerah: Seberang Perai Selatan<br>No:22<br>Hex coord:(11;21),Hijauan Valdor. Simpang Ampat. Seberang Perai. Malaysia,0,0,0,0,0,0,1,2021-09-14T04:22:43.198Z,11,21
5.25924,100.5004137,Daerah: Seberang Perai Selatan<br>No:23<br>Hex coord:(12;21),?????????. Penang. Malaysia,0,0,0,0,0,0,1,2021-09-14T04:22:43.198Z,12,21
5.25146,100.5139482,Daerah: Seberang Perai Selatan<br>No:24<br>Hex coord:(13;21),Sungai Jawi. Kampung Sethu. 14200. Penang. Malaysia,0,0,0,0,0,0,1,2021-09-14T04:22:43.199Z,13,21
5.25924,100.5274826,Daerah: Seberang Perai Selatan<br>No:25<br>Hex coord:(14;21),Sungai Jawi. Seberang Perai. Malaysia,0,0,0,0,0,0,1,2021-09-14T04:22:43.199Z,14,21
5.25146,100.5410171,Daerah: Seberang Perai Selatan<br>No:x<br>Hex coord:(15;21),Bukit Cempedak. Kulim. Malaysia,0,0,0,0,0,0,1,2021-09-14T04:22:43.307Z,15,21
5.24368,100.4192068,Daerah: Seberang Perai Selatan<br>No:26<br>Hex coord:(6;22),Bandar Cassia. 14110. Penang. Malaysia,0,0,0,0,0,0,1,2021-09-14T04:22:43.250Z,6,22
5.2359,100.4327413,Daerah: Seberang Perai Selatan<br>No:27<br>Hex coord:(7;22),Persiaran Cassia Barat 8. Batu Kawan. Penang. Malaysia,0,0,0,0,0,0,1,2021-09-14T04:22:43.251Z,7,22
5.24368,100.4462758,Daerah: Seberang Perai Selatan<br>No:28<br>Hex coord:(8;22),Bandar Cassia. 14110. Penang. Malaysia,0,0,0,0,0,0,1,2021-09-14T04:22:43.251Z,8,22
5.2359,100.4598103,Daerah: Seberang Perai Selatan<br>No:29<br>Hex coord:(9;22),Bose Malaysia. 719 Lingkaran Cassia Selatan. 14100 Simpang Ampat. Penang. Malaysia,0,0,0,0,0,0,1,2021-09-14T04:22:43.252Z,9,22
5.24368,100.4733447,Daerah: Seberang Perai Selatan<br>No:30<br>Hex coord:(10;22),Lebuhraya Utara됩elatan. Simpang Ampat. Penang. Malaysia,0,0,0,0,0,0,1,2021-09-14T04:22:43.253Z,10,22
5.2359,100.4868792,Daerah: Seberang Perai Selatan<br>No:31<br>Hex coord:(11;22),Sungai Jawi. Seberang Perai. Malaysia,0,0,0,0,0,0,1,2021-09-14T04:22:43.254Z,11,22
5.24368,100.5004137,Daerah: Seberang Perai Selatan<br>No:32<br>Hex coord:(12;22),Sungai Jawi. Seberang Perai. Malaysia,0,0,0,0,0,0,1,2021-09-14T04:22:43.254Z,12,22
5.2359,100.5139482,Daerah: Seberang Perai Selatan<br>No:33<br>Hex coord:(13;22),?????. Sungai Jawi. Penang. Malaysia,0,0,0,0,0,0,1,2021-09-14T04:22:43.255Z,13,22
5.24368,100.5274826,Daerah: Seberang Perai Selatan<br>No:34<br>Hex coord:(14;22),Sungai Jawi. Kampung Sethu. 14200. Penang. Malaysia,0,0,0,0,0,0,1,2021-09-14T04:22:43.255Z,14,22
5.2359,100.5410171,Daerah: Bandar Baharu<br>No:x<br>Hex coord:(15;22),Bandar Baharu. 14200. Kedah. Malaysia,0,0,0,0,0,0,1,2021-09-14T04:22:43.307Z,15,22
5.22812,100.4192068,Daerah: Seberang Perai Selatan<br>No:x<br>Hex coord:(6;23),Batu Kawan. Seberang Perai Selatan. Malaysia,0,0,0,0,0,0,1,2021-09-14T04:22:43.303Z,6,23
5.22034,100.4327413,Daerah: Seberang Perai Selatan<br>No:35<br>Hex coord:(7;23),Persiaran Cassia Selatan 3. Batu Kawan. Penang. Malaysia,0,0,0,0,0,0,1,2021-09-14T04:22:43.303Z,7,23
5.22812,100.4462758,Daerah: Seberang Perai Selatan<br>No:36<br>Hex coord:(8;23),Honda. Lebuhraya Bandar Cassia. Batu Kawan Industrial Park. 14110. Penang. Malaysia,0,0,0,0,0,0,1,2021-09-14T04:22:43.303Z,8,23
5.22034,100.4598103,Daerah: Seberang Perai Selatan<br>No:37<br>Hex coord:(9;23),Kampung Bagan Buaya. Nibong Tebal. Seberang Perai. Malaysia,0,0,0,0,0,0,1,2021-09-14T04:22:43.304Z,9,23
5.22812,100.4733447,Daerah: Seberang Perai Selatan<br>No:38<br>Hex coord:(10;23),Kampung Bagan Buaya. Simpang Ampat. Seberang Perai. Malaysia,0,0,0,0,0,0,1,2021-09-14T04:22:43.305Z,10,23
5.22034,100.4868792,Daerah: Seberang Perai Selatan<br>No:39<br>Hex coord:(11;23),Sungai Jawi. Seberang Perai. Malaysia,0,0,0,0,0,0,1,2021-09-14T04:22:43.305Z,11,23
5.22812,100.5004137,Daerah: Seberang Perai Selatan<br>No:40<br>Hex coord:(12;23),Sungai Jawi. Seberang Perai. Malaysia,0,0,0,0,0,0,1,2021-09-14T04:22:43.306Z,12,23
5.22034,100.5139482,Daerah: Seberang Perai Selatan<br>No:41<br>Hex coord:(13;23),Ladang Wee Lee. Jawi. Seberang Perai Selatan. Malaysia,0,0,0,0,0,0,1,2021-09-14T04:22:43.306Z,13,23
5.22812,100.5274826,Daerah: Seberang Perai Selatan<br>No:42<br>Hex coord:(14;23),Sungai Jawi. Seberang Perai. Malaysia,0,0,0,0,0,0,1,2021-09-14T04:22:43.307Z,14,23
5.22034,100.5410171,Daerah: Seberang Perai Selatan<br>No:43<br>Hex coord:(15;23),Ladang Sungai Duri. Jawi. Seberang Perai Selatan. Malaysia,0,0,0,0,0,0,1,2021-09-14T04:22:43.307Z,15,23
5.21256,100.4192068,Daerah: Seberang Perai Selatan<br>No:x<br>Hex coord:(6;24),Kuala Tengah. Sungai Jawi. Seberang Perai Selatan. Malaysia,0,0,0,0,0,0,1,2021-09-14T04:22:43.356Z,6,24
5.20478,100.4327413,Daerah: Seberang Perai Selatan<br>No:44<br>Hex coord:(7;24),Ladang Byram. Sungai Jawi. Seberang Perai Selatan. Malaysia,0,0,0,0,0,0,1,2021-09-14T04:22:43.356Z,7,24
5.21256,100.4462758,Daerah: Seberang Perai Selatan<br>No:45<br>Hex coord:(8;24),Jeti Pangkalan Nelayan Changkat. Sungai Jawi. Penang. Malaysia,0,0,0,0,0,0,1,2021-09-14T04:22:43.356Z,8,24
5.20478,100.4598103,Daerah: Seberang Perai Selatan<br>No:46<br>Hex coord:(9;24),Kampung Bagan Buaya. Nibong Tebal. Seberang Perai. Malaysia,0,0,0,0,0,0,1,2021-09-14T04:22:43.357Z,9,24
5.21256,100.4733447,Daerah: Seberang Perai Selatan<br>No:47<br>Hex coord:(10;24),P170. Nibong Tebal. Penang. Malaysia,0,0,0,0,0,0,1,2021-09-14T04:22:43.357Z,10,24
5.20478,100.4868792,Daerah: Seberang Perai Selatan<br>No:48<br>Hex coord:(11;24),Sungai Jawi. Seberang Perai. Malaysia,0,0,0,0,0,0,1,2021-09-14T04:22:43.358Z,11,24
5.21256,100.5004137,Daerah: Seberang Perai Selatan<br>No:49<br>Hex coord:(12;24),Sungai Jawi. Seberang Perai. Malaysia,0,0,0,0,0,0,1,2021-09-14T04:22:43.358Z,12,24
5.20478,100.5139482,Daerah: Seberang Perai Selatan<br>No:50<br>Hex coord:(13;24),Sungai Jawi. Seberang Perai. Malaysia,0,0,0,0,0,0,1,2021-09-14T04:22:43.359Z,13,24
5.21256,100.5274826,Daerah: Seberang Perai Selatan<br>No:51<br>Hex coord:(14;24),Sungai Jawi. Seberang Perai. Malaysia,0,0,0,0,0,0,1,2021-09-14T04:22:43.359Z,14,24
5.20478,100.5410171,Daerah: Seberang Perai Selatan<br>No:52<br>Hex coord:(15;24),Sungai Jawi. Seberang Perai. Malaysia,0,0,0,0,0,0,1,2021-09-14T04:22:43.360Z,15,24
5.197,100.4192068,Daerah: Seberang Perai Selatan<br>No:x<br>Hex coord:(6;25),Pulau Burong Landfill. Sungai Jawi. Penang. Malaysia,0,0,0,0,0,0,1,2021-09-14T04:22:43.409Z,6,25
5.18922,100.4327413,Daerah: Seberang Perai Selatan<br>No:53<br>Hex coord:(7;25),Jalan Byram. Nibong Tebal. Penang. Malaysia,0,0,0,0,0,0,1,2021-09-14T04:22:43.408Z,7,25
5.197,100.4462758,Daerah: Seberang Perai Selatan<br>No:54<br>Hex coord:(8;25),P164. Kampung Bagan Buaya. Nibong Tebal. Penang. Malaysia,0,0,0,0,0,0,1,2021-09-14T04:22:43.409Z,8,25
5.18922,100.4598103,Daerah: Seberang Perai Selatan<br>No:55<br>Hex coord:(9;25),P166. Penang. Malaysia,0,0,0,0,0,0,1,2021-09-14T04:22:43.409Z,9,25
5.197,100.4733447,Daerah: Seberang Perai Selatan<br>No:56<br>Hex coord:(10;25),Kampung Bagan Buaya. Nibong Tebal. Seberang Perai. Malaysia,0,0,0,0,0,0,1,2021-09-14T04:22:43.410Z,10,25
5.18922,100.4868792,Daerah: Seberang Perai Selatan<br>No:57<br>Hex coord:(11;25),Jalan Nibong Tebal. Kampung Sethu. Nibong Tebal. Penang. Malaysia,0,0,0,0,0,0,1,2021-09-14T04:22:43.410Z,11,25
5.197,100.5004137,Daerah: Seberang Perai Selatan<br>No:58<br>Hex coord:(12;25),Lorong Jawi Permai 4. Sungai Jawi. Jawi. Penang. Malaysia,0,0,0,0,0,0,1,2021-09-14T04:22:43.411Z,12,25
5.18922,100.5139482,Daerah: Seberang Perai Selatan<br>No:59<br>Hex coord:(13;25),Ladang Chain Paik Sin. Jawi. Seberang Perai Selatan. Malaysia,0,0,0,0,0,0,1,2021-09-14T04:22:43.412Z,13,25
5.197,100.5274826,Daerah: Seberang Perai Selatan<br>No:60<br>Hex coord:(14;25),Lorong Widuri 26. Sungai Jawi. Jawi. Penang. Malaysia,0,0,0,0,0,0,1,2021-09-14T04:22:43.412Z,14,25
5.18922,100.5410171,Daerah: Jawi<br>No:61<br>Hex coord:(15;25),Ladang Kerian Kedah. Jawi. Seberang Perai Selatan. Malaysia,0,0,0,0,0,0,1,2021-09-14T04:22:43.413Z,15,25
5.18144,100.4192068,Daerah: Seberang Perai Selatan<br>No:62<br>Hex coord:(6;26),Hutan Rizab Byran. Seberang Perai Selatan. Malaysia,0,0,0,0,0,0,1,2021-09-14T04:22:43.467Z,6,26
5.17366,100.4327413,Daerah: Seberang Perai Selatan<br>No:63<br>Hex coord:(7;26),Kampung Haji Omar. Nibong Tebal. Seberang Perai. Malaysia,0,0,0,0,0,0,1,2021-09-14T04:22:43.467Z,7,26
5.18144,100.4462758,Daerah: Seberang Perai Selatan<br>No:64<br>Hex coord:(8;26),Jalan Byram. Kampung Pengkalan. Nibong Tebal. Penang. Malaysia,0,0,0,0,0,0,1,2021-09-14T04:22:43.468Z,8,26
5.17366,100.4598103,Daerah: Seberang Perai Selatan<br>No:65<br>Hex coord:(9;26),99 Door Mansion. Nibong Tebal. Penang. Malaysia,0,0,0,0,0,0,1,2021-09-14T04:22:43.468Z,9,26
5.18144,100.4733447,Daerah: Seberang Perai Selatan<br>No:66<br>Hex coord:(10;26),Kampung Haji Omar. Nibong Tebal. Seberang Perai. Malaysia,0,0,0,0,0,0,1,2021-09-14T04:22:43.469Z,10,26
5.17366,100.4868792,Daerah: Seberang Perai Selatan<br>No:67<br>Hex coord:(11;26),Lorong Panchur Mutiara 12. Taman Panchor Mutiara. Nibong Tebal. Penang. Malaysia,0,0,0,0,0,0,1,2021-09-14T04:22:43.469Z,11,26
5.18144,100.5004137,Daerah: Seberang Perai Selatan<br>No:68<br>Hex coord:(12;26),Ladang Abdul Hamid. Nibong Tebal. Seberang Perai Selatan. Malaysia,0,0,0,0,0,0,1,2021-09-14T04:22:43.470Z,12,26
5.17366,100.5139482,Daerah: Seberang Perai Selatan<br>No:69<br>Hex coord:(13;26),P156. Sungai Jawi. Nibong Tebal. Penang. Malaysia,0,0,0,0,0,0,1,2021-09-14T04:22:43.470Z,13,26
5.18144,100.5274826,Daerah: Seberang Perai Selatan<br>No:70<br>Hex coord:(14;26),Sungai Jawi. Seberang Perai. Malaysia,0,0,0,0,0,0,1,2021-09-14T04:22:43.471Z,14,26
5.17366,100.5410171,Daerah: Seberang Perai Selatan<br>No:71<br>Hex coord:(15;26),South Seberang Perai District. Nibong Tebal. Seberang Perai. Malaysia,0,0,0,0,0,0,1,2021-09-14T04:22:43.472Z,15,26
5.1581,100.4056724,Daerah: Seberang Perai Selatan<br>No:x<br>Hex coord:(5;27),South Seberang Perai District. Sungai Acheh. Seberang Perai. Malaysia,0,0,0,0,0,0,1,2021-09-14T04:22:43.524Z,5,27
5.16588,100.4192068,Daerah: Seberang Perai Selatan<br>No:x<br>Hex coord:(6;27),Kuala Kerian. Pulau Pinang. Seberang Perai Selatan. Malaysia,0,0,0,0,0,0,1,2021-09-14T04:22:43.524Z,6,27
5.1581,100.4327413,Daerah: Seberang Perai Selatan<br>No:72<br>Hex coord:(7;27),Kampung Sungai Air Itam. Nibong Tebal. Seberang Perai. Malaysia,0,0,0,0,0,0,1,2021-09-14T04:22:43.524Z,7,27
5.16588,100.4462758,Daerah: Seberang Perai Selatan<br>No:73<br>Hex coord:(8;27),Kampung Haji Omar. Nibong Tebal. Seberang Perai. Malaysia,0,0,0,0,0,0,1,2021-09-14T04:22:43.524Z,8,27
5.1581,100.4598103,Daerah: Seberang Perai Selatan<br>No:74<br>Hex coord:(9;27),Kampung Haji Omar. Nibong Tebal. Seberang Perai. Malaysia,0,0,0,0,0,0,1,2021-09-14T04:22:43.524Z,9,27
5.16588,100.4733447,Daerah: Seberang Perai Selatan<br>No:75<br>Hex coord:(10;27),Jalan Nuri 1. Nibong Tebal. Penang. Malaysia,0,0,0,0,0,0,1,2021-09-14T04:22:43.525Z,10,27
5.1581,100.4868792,Daerah: Seberang Perai Selatan<br>No:76<br>Hex coord:(11;27),Kampung Haji Omar. Nibong Tebal. Seberang Perai. Malaysia,0,0,0,0,0,0,1,2021-09-14T04:22:43.525Z,11,27
5.16588,100.5004137,Daerah: Seberang Perai Selatan<br>No:77<br>Hex coord:(12;27),Jishan Pack Sdn Bhd. Lot 20384. Jalan Bukit Panchor. 14300 Nibong Tebal. Penang Jalan Bukit Panchor. 14300 Nibong Tebal. Penang. Malaysia,0,0,0,0,0,0,1,2021-09-14T04:22:43.526Z,12,27
5.1581,100.5139482,Daerah: Seberang Perai Selatan<br>No:78<br>Hex coord:(13;27),Perkampungan Sungai Kechil. Nibong Tebal. Seberang Perai. Malaysia,0,0,0,0,0,0,1,2021-09-14T04:22:43.526Z,13,27
5.16588,100.5274826,Daerah: Seberang Perai Selatan<br>No:79<br>Hex coord:(14;27),Lorong Pancor Utama 12. Perkampungan Sungai Kechil. Nibong Tebal. Penang. Malaysia,0,0,0,0,0,0,1,2021-09-14T04:22:43.526Z,14,27
5.1581,100.5410171,Daerah: Seberang Perai Selatan<br>No:80<br>Hex coord:(15;27),Bukit Panchor Reservoir. Jalan Loji Bukit Panchor. Perkampungan Sungai Kechil. Nibong Tebal. Penang. Malaysia,0,0,0,0,0,0,1,2021-09-14T04:22:43.527Z,15,27
5.16588,100.5545516,Daerah: Bandar Baharu<br>No:x<br>Hex coord:(16;27),Sungai Kechil Hilir. 34950. Kedah. Malaysia,0,0,0,0,0,0,1,2021-09-14T04:22:43.526Z,16,27
5.14254,100.4056724,Daerah: Seberang Perai Selatan<br>No:81<br>Hex coord:(5;28),Sungai Chenaam. Nibong Tebal. Penang. Malaysia,0,0,0,0,0,0,1,2021-09-14T04:22:43.574Z,5,28
5.15032,100.4192068,Daerah: Seberang Perai Selatan<br>No:82<br>Hex coord:(6;28),Masjid Jamek Sungai Acheh. Nibong Tebal. Penang. Malaysia,0,0,0,0,0,0,1,2021-09-14T04:22:43.575Z,6,28
5.14254,100.4327413,Daerah: Seberang Perai Selatan<br>No:83<br>Hex coord:(7;28),Kampung Batas Pinang. Nibong Tebal. Seberang Perai. Malaysia,0,0,0,0,0,0,1,2021-09-14T04:22:43.575Z,7,28
5.15032,100.4462758,Daerah: Seberang Perai Selatan<br>No:84<br>Hex coord:(8;28),Kampung Tanjong Beremban. Nibong Tebal. Seberang Perai. Malaysia,0,0,0,0,0,0,1,2021-09-14T04:22:43.576Z,8,28
5.14254,100.4598103,Daerah: Seberang Perai Selatan<br>No:85<br>Hex coord:(9;28),Masjid Al-Amin. Nibong Tebal. Seberang Perai Selatan. Malaysia,0,0,0,0,0,0,1,2021-09-14T04:22:43.576Z,9,28
5.15032,100.4733447,Daerah: Seberang Perai Selatan<br>No:86<br>Hex coord:(10;28),Taman Keramat Permai. Nibong Tebal. Seberang Perai. Malaysia,0,0,0,0,0,0,1,2021-09-14T04:22:43.578Z,10,28
5.14254,100.4868792,Daerah: Seberang Perai Selatan<br>No:87<br>Hex coord:(11;28),Taman Pekaka. Nibong Tebal. Seberang Perai. Malaysia,0,0,0,0,0,0,1,2021-09-14T04:22:43.579Z,11,28
5.15032,100.5004137,Daerah: Seberang Perai Selatan<br>No:88<br>Hex coord:(12;28),Sungai Kecil. Nibong Tebal. Seberang Perai Selatan. Malaysia,0,0,0,0,0,0,1,2021-09-14T04:22:43.579Z,12,28
5.14254,100.5139482,Daerah: Seberang Perai Selatan<br>No:x<br>Hex coord:(13;28),Perkampungan Sungai Kechil. Nibong Tebal. Seberang Perai. Malaysia,0,0,0,0,0,0,1,2021-09-14T04:22:43.579Z,13,28
5.15032,100.5274826,Daerah: Seberang Perai Selatan<br>No:89<br>Hex coord:(14;28),Bukit Rantai. Seberang Perai Selatan. Malaysia,0,0,0,0,0,0,1,2021-09-14T04:22:43.581Z,14,28
5.14254,100.5410171,Daerah: Seberang Perai Selatan<br>No:90<br>Hex coord:(15;28),South Seberang Perai District. Seberang Perai. Malaysia,0,0,0,0,0,0,1,2021-09-14T04:22:43.582Z,15,28
5.15032,100.5545516,Daerah: Bandar Baharu<br>No:x<br>Hex coord:(16;28),Bandar Baharu. 34950 Kampung Permatang Simpor. Kedah. Malaysia,0,0,0,0,0,0,1,2021-09-14T04:22:43.581Z,16,28
5.13476,100.3921379,Daerah: Seberang Perai Selatan<br>No:x<br>Hex coord:(4;29),Sungai Bakau,0,0,0,0,0,0,1,2021-09-14T04:22:43.631Z,4,29
5.12698,100.4056724,Daerah: Seberang Perai Selatan<br>No:91<br>Hex coord:(5;29),Jalan Sungai Bakau Baru. Kampung Sungai Tongkang. Nibong Tebal. Penang. Malaysia,0,0,0,0,0,0,1,2021-09-14T04:22:43.631Z,5,29
5.13476,100.4192068,Daerah: Seberang Perai Selatan<br>No:92<br>Hex coord:(6;29),Jalan Sungai Bakau. Kampung Sungai Tongkang. Nibong Tebal. Penang. Malaysia,0,0,0,0,0,0,1,2021-09-14T04:22:43.631Z,6,29
5.12698,100.4327413,Daerah: Seberang Perai Selatan<br>No:93<br>Hex coord:(7;29),Jalan Sempadan. Sungai Bakau. Nibong Tebal. Penang. Malaysia,0,0,0,0,0,0,1,2021-09-14T04:22:43.632Z,7,29
5.13476,100.4462758,Daerah: Seberang Perai Selatan<br>No:94<br>Hex coord:(8;29),Kampung Batu 3. Nibong Tebal. Seberang Perai. Malaysia,0,0,0,0,0,0,1,2021-09-14T04:22:43.632Z,8,29
5.12698,100.4598103,Daerah: Seberang Perai Selatan<br>No:x<br>Hex coord:(9;29),Taman Putera. Nibong Tebal. Penang. Malaysia,0,0,0,0,0,0,1,2021-09-14T04:22:43.632Z,9,29
5.13476,100.4733447,Daerah: Seberang Perai Selatan<br>No:95<br>Hex coord:(10;29),Taman Seri Emas. Nibong Tebal. Seberang Perai. Malaysia,0,0,0,0,0,0,1,2021-09-14T04:22:43.633Z,10,29
5.12698,100.4868792,Daerah: Kerian<br>No:x<br>Hex coord:(11;29),Pekan Lama. 34200. Perak. Malaysia,0,0,0,0,0,0,1,2021-09-14T04:22:43.632Z,11,29
5.13476,100.5274826,Daerah: Bandar Baharu<br>No:x<br>Hex coord:(14;29),Bukit Tebuan. Bandar Baharu. Malaysia,0,0,0,0,0,0,1,2021-09-14T04:22:43.633Z,14,29
5.1192,100.4192068,Daerah: Seberang Perai Selatan<br>No:92<br>Hex coord:(6;30),Parit Tanah Seratus. Nibong Tebal. Seberang Perai Selatan. Malaysia,0,0,0,0,0,0,1,2021-09-14T04:22:43.631Z,6,30
