lat,lon,label,placename,20220301,20220302,20220303,20220304,20220305,20220306,20220307,20220308,20220309,20220310,20220311,20220312,20220313,20220314,20220315,20220316,20220317,20220318,20220319,20220320,20220321,20220322,20220323,20220324,20220325,20220326,20220327,20220328,20220329,20220330,20220331,total
6.703489,100.1883175,Daerah: Perlis<br>No:1<br>Hex coord:(5;1),Entrance to the Perlis national park. Perlis. Malaysia,1,1,1,1,1,1,1,1,1,1,1,1,1,1,0,0,0,1,1,1,1,1,1,1,1,1,1,1,1,1,1,28
6.711269,100.2018802,Daerah: Perlis<br>No:2<br>Hex coord:(6;1),Wang Kelian. Kangar. Perlis. Malaysia,0,0,0,0,0,0,0,0,0,0,0,0,0,0,0,0,0,0,0,0,0,0,0,0,0,0,0,0,0,0,0,0
6.703489,100.2154429,Daerah: Perlis<br>No:3<br>Hex coord:(7;1),Wang Kelian. Kangar. Perlis. Malaysia,0,0,0,0,0,0,0,0,0,0,0,0,0,0,0,0,0,0,0,0,0,0,0,0,0,0,0,0,0,0,0,0
6.687929,100.1883175,Daerah: Perlis<br>No:4<br>Hex coord:(5;2),Caltex Wang Kelian. Perlis. Malaysia,1,1,1,1,1,1,1,1,1,1,1,1,1,0,0,0,0,0,0,0,0,0,0,0,0,0,0,0,0,0,0,13
6.695709,100.2018802,Daerah: Perlis<br>No:5<br>Hex coord:(6;2),Taman Negeri Perlis. Perlis. Malaysia,0,0,0,0,0,0,0,0,0,0,0,0,0,0,0,0,0,0,0,0,0,0,0,0,0,0,0,0,0,0,0,0
6.687929,100.2154429,Daerah: Perlis<br>No:6<br>Hex coord:(7;2),Bukit Nasikering. Perlis. Malaysia,0,0,0,0,0,0,0,0,0,0,0,0,0,0,0,0,0,0,0,0,0,0,0,0,0,0,0,0,0,0,0,0
6.687929,100.2425683,Daerah: Perlis<br>No:7<br>Hex coord:(9;2),Hutan Rizab Mata Ayer. Perlis. Malaysia,0,0,0,0,0,0,0,0,0,0,0,0,0,0,0,0,0,0,0,0,0,0,0,0,0,0,0,0,0,0,0,0
6.695709,100.256131,Daerah: Perlis<br>No:8<br>Hex coord:(10;2),Guar Petai. Perlis. Malaysia,0,0,0,0,0,0,0,0,0,0,0,0,0,0,0,0,0,0,0,0,0,0,0,0,0,0,0,0,0,0,0,0
6.687929,100.2696937,Daerah: Perlis<br>No:9<br>Hex coord:(11;2),Bukit Mata Ayer. Perlis. Malaysia,0,0,0,0,0,0,0,0,0,0,0,0,0,0,0,0,0,0,0,0,0,0,0,0,0,0,0,0,0,0,0,0
6.695709,100.2832564,Daerah: Perlis<br>No:10<br>Hex coord:(12;2),Border guard road. Padang Besar. Perlis. Malaysia,0,0,0,0,0,0,0,0,0,0,0,0,0,0,0,0,0,0,0,0,0,0,0,0,0,0,0,0,0,0,0,0
6.672369,100.1883175,Daerah: Perlis<br>No:11<br>Hex coord:(5;3),Wang Kelian. Perlis. Malaysia,1,1,1,1,1,1,1,1,1,1,1,1,1,0,0,0,0,0,0,0,0,0,0,0,0,0,0,0,0,0,0,13
6.680149,100.2018802,Daerah: Perlis<br>No:12<br>Hex coord:(6;3),Genting Perah. Perlis. Malaysia,0,0,0,0,0,0,0,0,0,0,0,0,0,0,0,0,0,0,0,0,0,0,0,0,0,0,0,0,0,0,0,0
6.672369,100.2154429,Daerah: Perlis<br>No:13<br>Hex coord:(7;3),Wang Kelian. Kangar. Perlis. Malaysia,0,0,0,0,0,0,0,0,0,0,0,0,0,0,0,0,0,0,0,0,0,0,0,0,0,0,0,0,0,0,0,0
6.680149,100.2290056,Daerah: Perlis<br>No:14<br>Hex coord:(8;3),Perlis. Malaysia,0,0,0,0,0,0,0,0,0,0,0,0,0,0,0,0,0,0,0,0,0,0,0,0,0,0,0,0,0,0,0,0
6.672369,100.2425683,Daerah: Perlis<br>No:15<br>Hex coord:(9;3),Padang Besar. Kangar. Perlis. Malaysia,0,0,0,0,0,0,0,0,0,0,0,0,0,0,0,0,0,0,0,0,0,0,0,0,0,0,0,0,0,0,0,0
6.680149,100.256131,Daerah: Perlis<br>No:16<br>Hex coord:(10;3),Hutan Rizab Mata Ayer. Perlis. Malaysia,0,0,0,0,0,0,0,0,0,0,0,0,0,0,0,0,0,0,0,0,0,0,0,0,0,0,0,0,0,0,0,0
6.672369,100.2696937,Daerah: Perlis<br>No:17<br>Hex coord:(11;3),Border guard road. Padang Besar. Perlis. Malaysia,0,0,0,0,0,0,0,0,0,0,0,0,0,0,0,0,0,0,0,0,0,0,0,0,0,0,0,0,0,0,0,0
6.680149,100.2832564,Daerah: Perlis<br>No:18<br>Hex coord:(12;3),Border guard road. Padang Besar. Perlis. Malaysia,0,0,0,0,0,0,0,0,0,0,0,0,0,0,0,0,0,0,0,0,0,0,0,0,0,0,0,0,0,0,0,0
6.672369,100.2968191,Daerah: Perlis<br>No:19<br>Hex coord:(13;3),Khuan Chuk. Sadao. Thailand,0,0,0,0,0,0,0,0,0,0,0,0,0,0,0,0,0,0,0,0,0,0,0,0,0,0,0,0,0,0,0,0
6.656809,100.1883175,Daerah: Perlis<br>No:20<br>Hex coord:(5;4),Bukit Genting Hantu. Perlis. Malaysia,0,0,0,0,0,0,0,0,0,0,0,0,0,0,0,0,0,0,0,0,0,0,0,0,0,0,0,0,0,0,0,0
6.664589,100.2018802,Daerah: Perlis<br>No:21<br>Hex coord:(6;4),Bukit Merah. Perlis. Malaysia,3,3,1,1,1,1,1,1,1,1,1,1,0,0,0,0,0,0,1,1,1,1,1,0,0,0,0,0,0,0,0,21
6.656809,100.2154429,Daerah: Perlis<br>No:22<br>Hex coord:(7;4),Kaki Bukit. Perlis. Malaysia,3,3,3,3,3,3,3,3,3,3,3,3,1,1,0,0,0,4,6,3,3,3,3,3,3,3,3,3,3,3,3,84
6.664589,100.2290056,Daerah: Perlis<br>No:23<br>Hex coord:(8;4),Kaki Bukit. Kangar. Perlis. Malaysia,2,2,2,2,2,2,2,2,2,1,1,1,1,0,0,0,0,1,1,0,0,0,0,0,0,0,0,0,0,0,0,24
6.656809,100.2425683,Daerah: Perlis<br>No:24<br>Hex coord:(9;4),Kaki Bukit. Perlis. Malaysia,2,2,2,2,2,2,2,2,2,1,1,1,1,0,0,0,0,1,1,0,0,0,0,0,0,0,0,0,0,0,0,24
6.664589,100.256131,Daerah: Perlis<br>No:25<br>Hex coord:(10;4),Guar Keh. Perlis. Malaysia,0,0,0,0,0,0,0,0,0,0,0,0,0,0,0,0,0,0,0,0,0,0,0,0,0,0,0,0,0,0,0,0
6.656809,100.2696937,Daerah: Perlis<br>No:26<br>Hex coord:(11;4),7. FELDA Rimba Mas. Perlis. Malaysia,3,3,3,3,3,3,3,3,3,3,3,1,1,1,1,1,1,4,4,4,4,4,4,4,4,4,4,4,4,2,2,91
6.664589,100.2832564,Daerah: Perlis<br>No:27<br>Hex coord:(12;4),FELDA Rimba Mas. Perlis. Malaysia,7,7,7,6,8,8,8,8,6,6,6,4,4,3,3,3,0,2,4,4,4,4,4,3,3,2,2,2,1,1,1,131
6.656809,100.2968191,Daerah: Perlis<br>No:28<br>Hex coord:(13;4),7. FELDA Rimba Mas. Perlis. Malaysia,2,2,2,2,3,3,3,3,3,3,3,3,3,2,2,2,0,5,7,7,7,7,7,6,5,5,5,9,6,5,4,126
6.664589,100.3103818,Daerah: Perlis<br>No:29<br>Hex coord:(14;4),Padang Besar. Perlis. Malaysia,5,5,5,5,6,6,6,6,6,6,3,3,3,3,3,3,1,4,3,2,2,2,2,2,2,2,2,2,1,1,1,103
6.649029,100.1747548,Daerah: Perlis<br>No:30<br>Hex coord:(4;5),Wang Kelian. Kangar. Perlis. Malaysia,0,0,0,0,0,0,0,0,0,0,0,0,0,0,0,0,0,0,0,0,0,0,0,0,0,0,0,0,0,0,0,0
6.641249,100.1883175,Daerah: Perlis<br>No:31<br>Hex coord:(5;5),Bukit Pelarit. Perlis. Malaysia,0,0,0,0,0,0,0,0,0,0,0,0,0,0,0,0,0,0,0,0,0,0,0,0,0,0,0,0,0,0,0,0
6.649029,100.2018802,Daerah: Perlis<br>No:32<br>Hex coord:(6;5),Kelam Cave. Jalan Kaki Bukit - Wang Tangga. Kaki Bukit. Perlis. Malaysia,2,2,2,2,2,1,1,1,1,1,1,1,0,0,0,0,0,0,0,0,0,0,0,0,0,0,0,0,0,0,0,17
6.641249,100.2154429,Daerah: Perlis<br>No:33<br>Hex coord:(7;5),Kaki Bukit. Perlis. Malaysia,2,2,2,2,2,2,2,2,1,1,1,1,0,0,0,0,0,0,1,1,1,1,1,1,0,0,0,0,0,0,0,26
6.649029,100.2290056,Daerah: Perlis<br>No:34<br>Hex coord:(8;5),Kaki Bukit. Perlis. Malaysia,17,16,5,5,7,7,7,7,7,6,6,5,3,3,2,2,0,7,9,6,6,6,5,5,4,4,4,4,4,4,3,176
6.641249,100.2425683,Daerah: Perlis<br>No:35<br>Hex coord:(9;5),Kaki Bukit. Perlis. Malaysia,5,3,6,6,6,6,6,5,5,5,5,5,5,5,2,2,0,5,7,5,5,5,4,3,3,3,3,3,2,2,0,127
6.649029,100.256131,Daerah: Perlis<br>No:36<br>Hex coord:(10;5),FELDA Rimba Mas. Perlis. Malaysia,7,6,5,5,5,5,4,4,4,4,4,4,4,4,1,1,0,0,1,1,1,1,1,0,0,0,0,0,0,0,0,72
6.641249,100.2696937,Daerah: Perlis<br>No:37<br>Hex coord:(11;5),FELDA Rimba Mas. Perlis. Malaysia,1,1,1,1,1,1,1,1,1,1,1,1,1,0,0,0,0,2,3,2,1,1,1,0,0,0,0,0,0,0,0,23
6.649029,100.2832564,Daerah: Perlis<br>No:38<br>Hex coord:(12;5),FELDA Rimba Mas. Perlis. Malaysia,1,1,1,1,6,6,6,6,6,6,6,6,6,6,6,6,1,0,2,2,2,2,1,1,1,1,1,2,2,2,2,98
6.641249,100.2968191,Daerah: Perlis<br>No:39<br>Hex coord:(13;5),FELDA Rimba Mas. Perlis. Malaysia,9,9,9,9,10,10,10,7,6,6,6,4,4,2,2,2,1,10,7,6,6,5,3,3,3,2,2,2,2,1,0,158
6.649029,100.3103818,Daerah: Perlis<br>No:40<br>Hex coord:(14;5),FELDA Rimba Mas. Perlis. Malaysia,2,1,1,1,3,3,3,3,3,3,3,3,3,3,3,3,0,3,4,4,4,4,4,4,2,2,2,5,4,4,3,90
6.633469,100.1747548,Daerah: Perlis<br>No:41<br>Hex coord:(4;6),Sang Choy. Perlis. Malaysia,0,0,0,0,0,0,0,0,0,0,0,0,0,0,0,0,0,0,0,0,0,0,0,0,0,0,0,0,0,0,0,0
6.625689,100.1883175,Daerah: Perlis<br>No:42<br>Hex coord:(5;6),Perlis State Park. 7. Kampung Alor Kangar. 02400 Kaki Bukit. Perlis. Malaysia,0,0,0,0,0,0,0,0,0,0,0,0,0,0,0,0,0,0,0,0,0,0,0,0,0,0,0,0,0,0,0,0
6.633469,100.2018802,Daerah: Perlis<br>No:43<br>Hex coord:(6;6),Kaki Bukit. Perlis. Malaysia,0,0,1,1,1,1,1,1,1,1,1,1,1,1,0,0,0,0,0,0,0,0,0,0,0,0,0,0,0,0,0,12
6.625689,100.2154429,Daerah: Perlis<br>No:44<br>Hex coord:(7;6),Kaki Bukit. Perlis. Malaysia,0,0,0,0,0,0,0,0,0,0,0,0,0,0,0,0,0,0,0,0,0,0,0,0,0,0,0,0,0,0,0,0
6.633469,100.2290056,Daerah: Perlis<br>No:45<br>Hex coord:(8;6),Kaki Bukit. Perlis. Malaysia,2,2,2,2,2,2,2,2,2,2,0,0,0,0,0,0,0,1,1,1,1,1,1,1,1,1,1,1,1,1,0,33
6.625689,100.2425683,Daerah: Perlis<br>No:46<br>Hex coord:(9;6),Kampung Bukit Manek. Kaki Bukit. Perlis. Malaysia,0,0,0,0,0,0,0,0,0,0,0,0,0,0,0,0,0,0,0,0,0,0,0,0,0,0,0,0,0,0,0,0
6.633469,100.256131,Daerah: Perlis<br>No:47<br>Hex coord:(10;6),FELDA Rimba Mas. Perlis. Malaysia,15,15,14,14,16,16,14,12,11,9,9,7,6,6,5,5,1,13,18,18,17,19,16,16,16,14,14,6,6,6,3,357
6.625689,100.2696937,Daerah: Perlis<br>No:48<br>Hex coord:(11;6),Kemajuan Tanah Rimba Mas Mas Peringkat 2. Padang Besar. Perlis. Malaysia,1,1,0,0,0,0,0,0,0,0,0,0,0,0,0,0,0,1,1,1,1,1,1,1,1,1,1,1,1,1,0,15
6.633469,100.2832564,Daerah: Perlis<br>No:49<br>Hex coord:(12;6),Kampung Kubang Tiga. 02400 FELDA Rimba Mas. Perlis. Malaysia,0,0,0,0,0,0,0,0,0,0,0,0,0,0,0,0,0,0,0,0,0,0,0,0,0,0,0,0,0,0,0,0
6.625689,100.2968191,Daerah: Perlis<br>No:50<br>Hex coord:(13;6),FELDA Rimba Mas. Perlis. Malaysia,0,0,0,0,0,0,0,0,0,0,0,0,0,0,0,0,0,0,0,0,0,0,0,0,0,0,0,0,0,0,0,0
6.633469,100.3103818,Daerah: Perlis<br>No:51<br>Hex coord:(14;6),FELDA Rimba Mas. Perlis. Malaysia,0,0,0,0,0,0,0,0,0,0,0,0,0,0,0,0,0,0,0,0,0,0,0,0,0,0,0,0,0,0,0,0
6.617909,100.1747548,Daerah: Perlis<br>No:52<br>Hex coord:(4;7),Perlis. Malaysia,0,0,0,0,0,0,0,0,0,0,0,0,0,0,0,0,0,0,0,0,0,0,0,0,0,0,0,0,0,0,0,0
6.610129,100.1883175,Daerah: Perlis<br>No:53<br>Hex coord:(5;7),Perlis. Malaysia,0,0,0,0,0,0,0,0,0,0,0,0,0,0,0,0,0,0,0,0,0,0,0,0,0,0,0,0,0,0,0,0
6.617909,100.2018802,Daerah: Perlis<br>No:54<br>Hex coord:(6;7),Ladang Hoe Seoong Keat. Perlis. Malaysia,0,0,0,0,0,0,0,0,0,0,0,0,0,0,0,0,0,0,0,0,0,0,0,0,0,0,0,0,0,0,0,0
6.610129,100.2154429,Daerah: Perlis<br>No:55<br>Hex coord:(7;7),Kampung Bukit Manek. Kaki Bukit. Perlis. Malaysia,0,0,0,0,0,0,0,0,0,0,0,0,0,0,0,0,0,0,0,0,0,0,0,0,0,0,0,0,0,0,0,0
6.617909,100.2290056,Daerah: Perlis<br>No:56<br>Hex coord:(8;7),Kampung Bukit Manek. Kaki Bukit. Perlis. Malaysia,0,0,0,0,0,0,0,0,0,0,0,0,0,0,0,0,0,0,0,0,0,0,0,0,0,0,0,0,0,0,0,0
6.610129,100.2425683,Daerah: Perlis<br>No:57<br>Hex coord:(9;7),Kampung Bukit Manek. Kaki Bukit. Perlis. Malaysia,0,0,0,0,0,0,0,0,0,0,0,0,0,0,0,0,0,0,0,0,0,0,0,0,0,0,0,0,0,0,0,0
6.617909,100.256131,Daerah: Perlis<br>No:58<br>Hex coord:(10;7),Kubang Tiga. Kangar. Perlis. Malaysia,2,2,1,1,1,1,1,1,1,1,1,1,1,0,0,0,0,0,0,0,0,0,0,0,0,0,0,0,0,0,0,15
6.610129,100.2696937,Daerah: Perlis<br>No:59<br>Hex coord:(11;7),Padang Besar. Kangar. Perlis. Malaysia,0,0,0,0,0,0,0,0,0,0,0,0,0,0,0,0,0,0,0,0,0,0,0,0,0,0,0,0,0,0,0,0
6.617909,100.2832564,Daerah: Perlis<br>No:60<br>Hex coord:(12;7),Kampung Kubang Tiga. 02400 FELDA Rimba Mas. Perlis. Malaysia,0,0,0,0,0,0,0,0,0,0,0,0,0,0,0,0,0,0,0,0,0,0,0,0,0,0,0,0,0,0,0,0
6.610129,100.2968191,Daerah: Perlis<br>No:61<br>Hex coord:(13;7),Ladang Tebu. Perlis. Malaysia,0,0,0,0,0,0,0,0,0,0,0,0,0,0,0,0,0,0,0,0,0,0,0,0,0,0,0,0,0,0,0,0
6.617909,100.3103818,Daerah: Perlis<br>No:62<br>Hex coord:(14;7),Gua Mai Long. Sadao. Thailand,0,0,0,0,0,0,0,0,0,0,0,0,0,0,0,0,0,0,0,0,0,0,0,0,0,0,0,0,0,0,0,0
6.594569,100.1883175,Daerah: Perlis<br>No:63<br>Hex coord:(5;8),Beseri. 02400 Kangar. Perlis. Malaysia,0,0,0,0,0,0,0,0,0,0,0,0,0,0,0,0,0,0,0,0,0,0,0,0,0,0,0,0,0,0,0,0
6.602349,100.2018802,Daerah: Perlis<br>No:64<br>Hex coord:(6;8),Kampung Alor Kangar. 02400 Kaki Bukit. Perlis. Malaysia,0,0,0,0,0,0,0,0,0,0,0,0,0,0,0,0,0,0,0,0,0,0,0,0,0,0,0,0,0,0,0,0
6.594569,100.2154429,Daerah: Perlis<br>No:65<br>Hex coord:(7;8),7. Perlis. Malaysia,0,0,0,0,0,0,0,0,0,0,0,0,0,0,0,0,0,0,0,0,0,0,0,0,0,0,0,0,0,0,0,0
6.602349,100.2290056,Daerah: Perlis<br>No:66<br>Hex coord:(8;8),Kampung Bukit Manek. Kaki Bukit. Perlis. Malaysia,0,0,0,0,0,0,0,0,0,0,0,0,0,0,0,0,0,0,0,0,0,0,0,0,0,0,0,0,0,0,0,0
6.594569,100.2425683,Daerah: Perlis<br>No:67<br>Hex coord:(9;8),Ladang Ooi Ah Huat. Perlis. Malaysia,0,0,0,0,0,0,0,0,0,0,0,0,0,0,0,0,0,0,0,0,0,0,0,0,0,0,0,0,0,0,0,0
6.602349,100.256131,Daerah: Perlis<br>No:68<br>Hex coord:(10;8),Bukit Chabang. Perlis. Malaysia,0,0,0,0,0,0,0,0,0,0,0,0,0,0,0,0,0,0,0,0,0,0,0,0,0,0,0,0,0,0,0,0
6.594569,100.2696937,Daerah: Perlis<br>No:69<br>Hex coord:(11;8),Ladang Choon Joo. Perlis. Malaysia,0,0,0,0,0,0,0,0,0,0,0,0,0,0,0,0,0,0,1,1,1,1,0,0,0,0,0,0,0,0,0,4
6.602349,100.2832564,Daerah: Perlis<br>No:70<br>Hex coord:(12;8),Kampung Kubang Tiga. 02400 FELDA Rimba Mas. Perlis. Malaysia,0,0,0,0,0,0,0,0,0,0,0,0,0,0,0,0,0,0,0,0,0,0,0,0,0,0,0,0,0,0,0,0
6.594569,100.2968191,Daerah: Perlis<br>No:71<br>Hex coord:(13;8),Khlong Chuk. Perlis. Malaysia,0,0,0,0,0,0,0,0,0,0,0,0,0,0,0,0,0,0,0,0,0,0,0,0,0,0,0,0,0,0,0,0
6.602349,100.3103818,Daerah: Perlis<br>No:72<br>Hex coord:(14;8),Border guard road. Kampung Padung. 06050. Perlis. Malaysia,0,0,0,0,0,0,0,0,0,0,0,0,0,0,0,0,0,0,0,0,0,0,0,0,0,0,0,0,0,0,0,0
6.579009,100.1883175,Daerah: Perlis<br>No:73<br>Hex coord:(5;9),Khao Wang Kluang. Mueang Satun. Thailand,0,0,0,0,0,0,0,0,0,0,0,0,0,0,0,0,0,0,0,0,0,0,0,0,0,0,0,0,0,0,0,0
6.586789,100.2018802,Daerah: Perlis<br>No:74<br>Hex coord:(6;9),Jalan Lecongan Barat - Timah Tasoh. Kampung Alor Kangar. 02400 Kangar. Perlis. Malaysia,0,0,0,0,0,0,0,0,0,0,0,0,0,0,0,0,0,0,0,0,0,0,0,0,0,0,0,0,0,0,0,0
6.579009,100.2154429,Daerah: Perlis<br>No:75<br>Hex coord:(7;9),Kampung Alor Kangar. 02400 Kangar. Perlis. Malaysia,0,0,0,0,0,0,0,0,0,0,0,0,0,0,0,0,0,0,0,0,0,0,0,0,0,0,0,0,0,0,0,0
6.586789,100.2290056,Daerah: Perlis<br>No:76<br>Hex coord:(8;9),Timah Tasoh Reservoir. 7. Kampung Alor Kangar. 02400 Kaki Bukit. Perlis. Malaysia,0,0,0,0,0,0,0,0,0,0,0,0,0,0,0,0,0,0,0,0,0,0,0,0,0,0,0,0,0,0,0,0
6.579009,100.2425683,Daerah: Perlis<br>No:77<br>Hex coord:(9;9),Kampung Bukit Manek. 02400 Kangar. Perlis. Malaysia,1,1,1,1,0,0,0,0,0,0,0,0,0,0,0,0,0,1,0,0,0,0,0,0,0,0,0,0,0,0,0,5
6.586789,100.256131,Daerah: Perlis<br>No:78<br>Hex coord:(10;9),Kubang Tiga. 02400 Kangar. Perlis. Malaysia,0,0,0,0,0,0,0,0,0,0,0,0,0,0,0,0,0,0,0,0,0,0,0,0,0,0,0,0,0,0,0,0
6.579009,100.2696937,Daerah: Perlis<br>No:79<br>Hex coord:(11;9),Kubang Tiga. 02400 Kangar. Perlis. Malaysia,0,0,0,0,0,0,0,0,0,0,0,0,0,0,0,0,0,0,0,0,0,0,0,0,0,0,0,0,0,0,0,0
6.586789,100.2832564,Daerah: Perlis<br>No:80<br>Hex coord:(12;9),Kampung Kubang Tiga. 02400 Kangar. Perlis. Malaysia,0,0,0,0,0,0,0,0,0,0,0,0,0,0,0,0,0,0,0,0,0,0,0,0,0,0,0,0,0,0,0,0
6.579009,100.2968191,Daerah: Perlis<br>No:81<br>Hex coord:(13;9),Kampung Kubang Tiga. 02400 Chuping. Perlis. Malaysia,0,0,0,0,0,0,0,0,0,0,0,0,0,0,0,0,0,0,0,0,0,0,0,0,0,0,0,0,0,0,0,0
6.586789,100.3103818,Daerah: Perlis<br>No:82<br>Hex coord:(14;9),Khlong Kwai Pom. Perlis. Malaysia,0,0,0,0,0,0,0,0,0,0,0,0,0,0,0,0,0,0,0,0,0,0,0,0,0,0,0,0,0,0,0,0
6.579009,100.3239445,Daerah: Perlis<br>No:83<br>Hex coord:(15;9),Khlong Bon. Perlis. Malaysia,0,0,0,0,0,0,0,0,0,0,0,0,0,0,0,0,0,0,0,0,0,0,0,0,0,0,0,0,0,0,0,0
6.563449,100.1611921,Daerah: Perlis<br>No:84<br>Hex coord:(3;10),Beseri. 02400 Kangar. Perlis. Malaysia,0,0,0,0,0,0,0,0,0,0,0,0,0,0,0,0,0,0,0,0,0,0,0,0,0,0,0,0,0,0,0,0
6.563449,100.1883175,Daerah: Perlis<br>No:85<br>Hex coord:(5;10),Kampung Alor Kangar. 02400 Kangar. Perlis. Malaysia,0,0,0,0,0,0,0,0,0,0,0,0,0,0,0,0,0,0,0,0,0,0,0,0,0,0,0,0,0,0,0,0
6.571229,100.2018802,Daerah: Perlis<br>No:86<br>Hex coord:(6;10),Jalan Lecongan Barat - Timah Tasoh. Kampung Alor Kangar. 02400 Kangar. Perlis. Malaysia,10,10,10,10,10,10,10,8,1,1,1,1,1,1,1,1,1,1,1,1,1,1,1,1,1,1,1,1,0,0,0,98
6.563449,100.2154429,Daerah: Perlis<br>No:87<br>Hex coord:(7;10),Kampung Alor Kangar. 02400 Kangar. Perlis. Malaysia,11,11,11,11,12,12,12,10,3,2,2,2,2,2,2,2,2,2,2,2,2,2,2,2,2,2,2,2,0,0,0,131
6.571229,100.2290056,Daerah: Perlis<br>No:88<br>Hex coord:(8;10),Sungai Tasoh. Perlis. Malaysia,0,0,0,0,0,0,0,0,0,0,0,0,0,0,0,0,0,1,1,1,1,1,1,1,1,1,1,0,0,0,0,10
6.563449,100.2425683,Daerah: Perlis<br>No:89<br>Hex coord:(9;10),Kampung Bukit Manek. 02400 Kangar. Perlis. Malaysia,0,0,0,0,0,0,0,0,0,0,0,0,0,0,0,0,0,0,0,0,0,0,0,0,0,0,0,0,0,0,0,0
6.571229,100.256131,Daerah: Perlis<br>No:90<br>Hex coord:(10;10),Kubang Tiga. 02400 Kangar. Perlis. Malaysia,1,1,1,1,1,0,0,0,0,0,0,0,0,0,0,0,0,0,0,0,0,0,0,0,0,0,0,0,0,0,0,5
6.563449,100.2696937,Daerah: Perlis<br>No:91<br>Hex coord:(11;10),Kampung Kubang Tiga. 02400 Chuping. Perlis. Malaysia,1,1,0,0,1,1,1,1,1,1,1,1,1,1,1,1,0,0,1,1,1,1,1,1,1,0,0,0,0,0,0,21
6.571229,100.2832564,Daerah: Perlis<br>No:92<br>Hex coord:(12;10),Kampung Kubang Tiga. 02400 Chuping. Perlis. Malaysia,4,4,4,4,4,4,4,4,4,4,4,4,4,1,1,1,0,3,3,3,3,3,3,3,3,3,3,6,6,6,4,107
6.563449,100.2968191,Daerah: Perlis<br>No:93<br>Hex coord:(13;10),Kampung Kubang Tiga. 02400 Chuping. Perlis. Malaysia,1,0,0,0,0,0,0,0,0,0,0,0,0,0,0,0,0,0,0,0,0,0,0,0,0,0,0,0,0,0,0,1
6.571229,100.3103818,Daerah: Perlis<br>No:94<br>Hex coord:(14;10),Sungai Seria. Perlis. Malaysia,0,0,0,0,0,0,0,0,0,0,0,0,0,0,0,0,0,0,0,0,0,0,0,0,0,0,0,0,0,0,0,0
6.563449,100.3239445,Daerah: Perlis<br>No:95<br>Hex coord:(15;10),Chuping. Kangar. Perlis. Malaysia,0,0,0,0,0,0,0,0,0,0,0,0,0,0,0,0,0,0,0,0,0,0,0,0,0,0,0,0,0,0,0,0
6.571229,100.3375072,Daerah: Perlis<br>No:96<br>Hex coord:(16;10),Border guard road. Kampung Padung. 06050. Perlis. Malaysia,0,0,0,0,0,0,0,0,0,0,0,0,0,0,0,0,0,0,0,0,0,0,0,0,0,0,0,0,0,0,0,0
6.563449,100.3510699,Daerah: Perlis<br>No:97<br>Hex coord:(17;10),Bukit Arang. Sadao. Thailand,0,0,0,0,0,0,0,0,0,0,0,0,0,0,0,0,0,0,0,0,0,0,0,0,0,0,0,0,0,0,0,0
6.547889,100.1611921,Daerah: Perlis<br>No:98<br>Hex coord:(3;11),Beseri. 02400 Kangar. Perlis. Malaysia,0,0,0,0,0,0,0,0,0,0,0,0,0,0,0,0,0,0,0,0,0,0,0,0,0,0,0,0,0,0,0,0
6.555669,100.1747548,Daerah: Perlis<br>No:99<br>Hex coord:(4;11),Beseri. 02400 Kangar. Perlis. Malaysia,0,0,0,0,0,0,0,0,0,0,0,0,0,0,0,0,0,0,0,0,0,0,0,0,0,0,0,0,0,0,0,0
6.547889,100.1883175,Daerah: Perlis<br>No:100<br>Hex coord:(5;11),Hutan Rizab Bukit Bintang. Perlis. Malaysia,0,0,0,0,0,0,0,0,0,0,0,0,0,0,0,0,0,0,0,0,0,0,0,0,0,0,0,0,0,0,0,0
6.555669,100.2018802,Daerah: Perlis<br>No:101<br>Hex coord:(6;11),Kampung Alor Kangar. 02400 Kangar. Perlis. Malaysia,1,1,0,0,1,1,1,1,1,1,1,1,1,1,1,1,1,0,0,0,0,0,0,0,0,0,0,0,0,0,0,15
6.547889,100.2154429,Daerah: Perlis<br>No:102<br>Hex coord:(7;11),Kampung Alor Kangar. 02400 Beseri. Perlis. Malaysia,3,3,1,1,1,1,1,1,1,1,0,0,0,0,0,0,0,1,1,1,1,1,3,3,3,3,3,3,2,2,2,43
6.555669,100.2290056,Daerah: Perlis<br>No:103<br>Hex coord:(8;11),Mara Junior Science College Beseri. Bt 8.5 Jalan Kaki Bukit. 01000. Perlis. Malaysia,14,12,11,11,15,15,14,13,12,12,9,8,8,7,5,5,2,10,18,18,18,16,15,11,10,10,10,9,7,6,3,334
6.547889,100.2425683,Daerah: Perlis<br>No:104<br>Hex coord:(9;11),Kampung Bukit Manek. 02400 Beseri. Perlis. Malaysia,0,0,0,0,0,0,0,0,0,0,0,0,0,0,0,0,0,0,1,1,1,1,1,1,1,0,0,0,0,0,0,7
6.555669,100.256131,Daerah: Perlis<br>No:105<br>Hex coord:(10;11),Kubang Tiga. 02400 Kangar. Perlis. Malaysia,0,0,0,0,0,0,0,0,0,0,0,0,0,0,0,0,0,0,0,0,0,0,0,0,0,0,0,0,0,0,0,0
6.547889,100.2696937,Daerah: Perlis<br>No:106<br>Hex coord:(11;11),Bukit Jerneh. Chuping. Perlis. Malaysia,1,0,0,0,0,0,0,0,0,0,0,0,0,0,0,0,0,2,3,3,3,3,3,3,3,3,3,3,3,2,1,39
6.555669,100.2832564,Daerah: Perlis<br>No:107<br>Hex coord:(12;11),Kampung Kubang Tiga. 02400 Chuping. Perlis. Malaysia,4,3,3,3,4,4,4,4,4,4,3,2,2,2,2,2,0,2,4,3,2,2,2,0,0,0,0,0,0,1,1,67
6.547889,100.2968191,Daerah: Perlis<br>No:108<br>Hex coord:(13;11),Kampung Kubang Tiga. 02400 Chuping. Perlis. Malaysia,21,21,21,21,23,23,22,22,22,18,18,18,10,10,8,8,2,10,16,11,15,16,16,14,13,12,12,12,12,13,11,471
6.555669,100.3103818,Daerah: Perlis<br>No:109<br>Hex coord:(14;11),Kampung Kubang Tiga. 02400 Chuping. Perlis. Malaysia,0,0,0,0,0,0,0,0,0,0,0,0,0,0,0,0,0,0,0,0,0,0,0,0,0,0,0,0,0,0,0,0
6.547889,100.3239445,Daerah: Perlis<br>No:110<br>Hex coord:(15;11),Kampung Kubang Tiga. 02400 Chuping. Perlis. Malaysia,4,3,3,3,3,3,3,1,1,1,1,1,1,1,1,1,0,0,1,1,1,1,1,0,0,0,0,0,0,0,0,36
6.555669,100.3375072,Daerah: Perlis<br>No:111<br>Hex coord:(16;11),Perlis. Malaysia,0,0,0,0,0,0,0,0,0,0,0,0,0,0,0,0,0,0,0,0,0,0,0,0,0,0,0,0,0,0,0,0
6.547889,100.3510699,Daerah: Perlis<br>No:112<br>Hex coord:(17;11),Perlis. Malaysia,0,0,0,0,0,0,0,0,0,0,0,0,0,0,0,0,0,0,0,0,0,0,0,0,0,0,0,0,0,0,0,0
6.532329,100.1611921,Daerah: Perlis<br>No:113<br>Hex coord:(3;12),Beseri. 02400 Kangar. Perlis. Malaysia,0,0,0,0,0,0,0,0,0,0,0,0,0,0,0,0,0,0,0,0,0,0,0,0,0,0,0,0,0,0,0,0
6.540109,100.1747548,Daerah: Perlis<br>No:114<br>Hex coord:(4;12),Sungai Batu Pahat. Perlis. Malaysia,0,0,0,0,0,0,0,0,0,0,0,0,0,0,0,0,0,0,0,0,0,0,0,0,0,0,0,0,0,0,0,0
6.532329,100.1883175,Daerah: Perlis<br>No:115<br>Hex coord:(5;12),Bukit Bintang. Perlis. Malaysia,0,0,0,0,0,0,0,0,0,0,0,0,0,0,0,0,0,0,0,0,0,0,0,0,0,0,0,0,0,0,0,0
6.540109,100.2018802,Daerah: Perlis<br>No:116<br>Hex coord:(6;12),Kampung Alor Kangar. 02400 Beseri. Perlis. Malaysia,0,0,0,0,0,0,0,0,0,0,0,0,0,0,0,0,0,0,0,0,0,0,0,0,0,0,0,0,0,0,0,0
6.532329,100.2154429,Daerah: Perlis<br>No:117<br>Hex coord:(7;12),Kampung Alor Kangar. 02400 Beseri. Perlis. Malaysia,10,10,11,11,11,11,10,8,8,8,8,6,3,3,1,1,1,8,6,6,4,4,6,6,6,6,6,6,5,5,4,199
6.540109,100.2290056,Daerah: Perlis<br>No:118<br>Hex coord:(8;12),Kampung Bukit Manek. 02400 Beseri. Perlis. Malaysia,41,39,44,40,44,42,40,35,32,30,29,25,23,21,12,12,6,24,33,29,25,24,23,20,17,15,15,16,14,14,11,795
6.532329,100.2425683,Daerah: Perlis<br>No:119<br>Hex coord:(9;12),Kubang Tiga. 02400 Beseri. Perlis. Malaysia,0,0,0,0,0,0,0,0,0,0,0,0,0,0,0,0,0,0,0,0,0,0,0,0,0,0,0,0,0,0,0,0
6.540109,100.256131,Daerah: Perlis<br>No:120<br>Hex coord:(10;12),Kubang Tiga. 02400 Beseri. Perlis. Malaysia,2,2,2,2,2,2,2,2,2,2,2,2,2,2,0,0,0,2,2,2,2,2,2,2,2,2,2,2,2,2,1,55
6.532329,100.2696937,Daerah: Perlis<br>No:121<br>Hex coord:(11;12),Kampung Kubang Tiga. 02400 Chuping. Perlis. Malaysia,4,4,1,1,1,1,1,1,1,1,1,1,1,1,0,0,0,2,3,2,2,2,2,2,2,2,2,2,2,1,0,46
6.540109,100.2832564,Daerah: Perlis<br>No:122<br>Hex coord:(12;12),Kampung Kubang Tiga. 02400 Chuping. Perlis. Malaysia,6,5,5,5,9,9,8,8,8,7,6,5,4,4,4,4,2,2,3,3,3,3,5,4,4,4,4,4,4,4,3,149
6.532329,100.2968191,Daerah: Perlis<br>No:123<br>Hex coord:(13;12),Kampung Kubang Tiga. 02400 Chuping. Perlis. Malaysia,2,2,2,1,2,2,2,2,2,2,2,2,2,1,1,1,1,4,4,2,2,2,2,2,1,1,1,0,0,0,0,50
6.540109,100.3103818,Daerah: Perlis<br>No:124<br>Hex coord:(14;12),Kampung Kubang Tiga. 02400 Chuping. Perlis. Malaysia,14,14,11,11,11,11,11,9,6,6,6,6,4,4,4,4,2,3,5,5,5,5,4,3,0,0,0,0,0,0,0,164
6.532329,100.3239445,Daerah: Perlis<br>No:125<br>Hex coord:(15;12),Chuping. Perlis. Malaysia,0,0,0,0,0,0,0,0,0,0,0,0,0,0,0,0,0,0,0,0,0,0,0,0,0,0,0,0,0,0,0,0
6.540109,100.3375072,Daerah: Perlis<br>No:126<br>Hex coord:(16;12),Sungai Kom Chai. Perlis. Malaysia,3,0,0,0,0,0,0,0,0,0,0,0,0,0,0,0,0,0,0,0,0,0,0,0,0,0,0,0,0,0,0,3
6.532329,100.3510699,Daerah: Perlis<br>No:127<br>Hex coord:(17;12),Perlis. Malaysia,0,0,0,0,0,0,0,0,0,0,0,0,0,0,0,0,0,0,0,0,0,0,0,0,0,0,0,0,0,0,0,0
6.540109,100.3646326,Daerah: Perlis<br>No:128<br>Hex coord:(18;12),Border guard road. Kampung Padung. 06050. Perlis. Malaysia,0,0,0,0,0,0,0,0,0,0,0,0,0,0,0,0,0,0,0,0,0,0,0,0,0,0,0,0,0,0,0,0
6.516769,100.1611921,Daerah: Perlis<br>No:129<br>Hex coord:(3;13),Beseri. 02400 Kangar. Perlis. Malaysia,0,0,0,0,0,0,0,0,0,0,0,0,0,0,0,0,0,0,0,0,0,0,0,0,0,0,0,0,0,0,0,0
6.524549,100.1747548,Daerah: Perlis<br>No:130<br>Hex coord:(4;13),Jalan Abi Batas Paip. Kangar. Perlis. Malaysia,0,0,0,0,0,0,0,0,0,0,0,0,0,0,0,0,0,0,2,2,2,0,0,0,0,0,0,0,0,0,0,6
6.516769,100.1883175,Daerah: Perlis<br>No:131<br>Hex coord:(5;13),Kangar. Perlis. Malaysia,0,0,0,0,0,0,0,0,0,0,0,0,0,0,0,0,0,0,0,0,0,0,0,0,0,0,0,0,0,0,0,0
6.524549,100.2018802,Daerah: Perlis<br>No:132<br>Hex coord:(6;13),Kampung Alor Kangar. 02400 Kangar. Perlis. Malaysia,1,1,1,1,1,1,1,1,1,0,0,0,0,0,0,0,0,0,1,1,1,1,0,0,0,0,0,0,0,0,0,13
6.516769,100.2154429,Daerah: Perlis<br>No:133<br>Hex coord:(7;13),02400 Kampung Paya. Perlis. Malaysia,16,16,23,21,21,21,20,19,18,16,16,16,14,14,5,5,2,12,9,9,9,8,8,7,7,7,7,9,8,6,5,374
6.524549,100.2290056,Daerah: Perlis<br>No:134<br>Hex coord:(8;13),02400 Beseri. Perlis. Malaysia,18,18,21,18,22,22,21,19,18,17,17,17,17,15,8,8,7,15,21,21,19,18,17,17,11,9,9,11,11,10,8,480
6.516769,100.2425683,Daerah: Perlis<br>No:135<br>Hex coord:(9;13),02400 Beseri. Perlis. Malaysia,39,38,36,36,39,38,38,34,34,29,24,22,14,10,9,9,3,15,23,19,19,18,15,14,13,9,9,9,7,4,3,629
6.524549,100.256131,Daerah: Perlis<br>No:136<br>Hex coord:(10;13),Bukit Ketri. Chuping. Perlis. Malaysia,17,16,11,11,13,13,13,13,13,13,8,8,5,5,3,3,2,5,9,8,10,10,8,8,8,5,5,6,6,6,6,267
6.516769,100.2696937,Daerah: Perlis<br>No:137<br>Hex coord:(11;13),R131. 02400 Kampung Balik Bukit. Perlis. Malaysia,15,15,15,13,15,15,15,14,13,10,8,8,5,5,5,5,4,19,25,24,24,24,25,25,23,20,20,20,21,19,10,479
6.524549,100.2832564,Daerah: Perlis<br>No:138<br>Hex coord:(12;13),Kampung Kubang Tiga. 02400 Chuping. Perlis. Malaysia,2,2,2,1,1,1,1,1,1,1,1,1,1,0,0,0,0,4,4,2,2,2,2,2,1,1,1,0,0,0,0,37
6.516769,100.2968191,Daerah: Perlis<br>No:139<br>Hex coord:(13;13),Kampung Paya Burma. Perlis. Malaysia,0,0,0,0,0,0,0,0,0,0,0,0,0,0,0,0,0,0,0,0,0,0,0,0,0,0,0,0,0,0,0,0
6.524549,100.3103818,Daerah: Perlis<br>No:140<br>Hex coord:(14;13),Jalan Ulu Pauh � Chuping � Padang Besar. Kampung Baru Kok Klang. Perlis. Malaysia,1,1,1,1,1,1,1,1,1,1,1,1,1,1,1,1,1,1,1,1,0,0,0,0,0,0,0,0,0,0,0,20
6.516769,100.3239445,Daerah: Perlis<br>No:141<br>Hex coord:(15;13),Kampung Baru Kok Klang. Kangar. Perlis. Malaysia,4,4,4,4,4,4,4,2,2,2,1,1,1,1,1,1,0,1,4,4,4,4,4,2,2,2,2,2,2,2,1,76
6.524549,100.3375072,Daerah: Perlis<br>No:142<br>Hex coord:(16;13),Kemajuan Tanah Laka Temin. Perlis. Malaysia,0,0,0,0,0,0,0,0,0,0,0,0,0,0,0,0,0,0,0,0,0,0,0,0,0,0,0,0,0,0,0,0
6.516769,100.3510699,Daerah: Perlis<br>No:143<br>Hex coord:(17;13),FELDA Projek Integerasi Ternakan Chuping. Perlis. Malaysia,0,0,0,0,0,0,0,0,0,0,0,0,0,0,0,0,0,0,0,0,0,0,0,0,0,0,0,0,0,0,0,0
6.524549,100.3646326,Daerah: Perlis<br>No:144<br>Hex coord:(18;13),Perlis. Malaysia,0,0,0,0,0,0,0,0,0,0,0,0,0,0,0,0,0,0,0,0,0,0,0,0,0,0,0,0,0,0,0,0
6.501209,100.1611921,Daerah: Perlis<br>No:145<br>Hex coord:(3;14),01300 Kangar. Perlis. Malaysia,0,0,1,1,4,4,4,4,4,4,4,4,4,4,3,3,3,1,1,1,1,1,1,1,1,1,1,1,0,0,0,62
6.508989,100.1747548,Daerah: Perlis<br>No:146<br>Hex coord:(4;14),Kangar. Perlis. Malaysia,13,13,13,11,14,13,13,13,13,13,7,7,6,5,4,4,3,3,6,6,5,5,5,4,2,1,1,2,1,1,1,208
6.501209,100.1883175,Daerah: Perlis<br>No:147<br>Hex coord:(5;14),Hutan Rizab Bukit Bintang. Kangar. Perlis. Malaysia,0,0,0,0,0,0,0,0,0,0,0,0,0,0,0,0,0,0,0,0,0,0,0,0,0,0,0,0,0,0,0,0
6.508989,100.2018802,Daerah: Perlis<br>No:148<br>Hex coord:(6;14),Kangar. Perlis. Malaysia,4,4,5,4,8,8,8,8,8,6,6,6,5,5,4,4,3,5,6,4,4,4,4,4,3,3,3,3,3,1,1,144
6.501209,100.2154429,Daerah: Perlis<br>No:149<br>Hex coord:(7;14),02500 Kampung Paya. Perlis. Malaysia,3,3,4,3,3,3,3,3,3,3,2,1,1,1,0,0,0,3,2,2,2,3,2,2,2,2,2,2,3,3,3,69
6.508989,100.2290056,Daerah: Perlis<br>No:150<br>Hex coord:(8;14),Shell. Beseri. Perlis. Malaysia,17,17,17,17,22,21,19,17,17,15,13,12,12,7,7,7,5,9,15,15,15,14,14,11,8,8,8,8,8,5,4,384
6.501209,100.2425683,Daerah: Perlis<br>No:151<br>Hex coord:(9;14),Lorong Telaga Kabu. Kangar. Perlis. Malaysia,21,19,22,21,21,20,18,18,18,17,15,15,8,8,5,5,4,3,5,5,4,4,4,4,3,2,2,3,2,2,2,300
6.508989,100.256131,Daerah: Perlis<br>No:152<br>Hex coord:(10;14),Kampung Bawah Bukit. 02500 Kampung Balik Bukit. Perlis. Malaysia,20,20,20,20,31,31,31,28,27,26,24,24,15,14,13,13,1,2,10,9,9,9,5,5,4,4,4,4,4,4,4,435
6.501209,100.2696937,Daerah: Perlis<br>No:153<br>Hex coord:(11;14),Kampung Bawah Bukit. 02500 Kampung Balik Bukit. Perlis. Malaysia,1,1,1,1,1,1,1,1,0,0,0,0,0,0,0,0,0,3,3,3,3,3,3,3,3,3,3,3,3,3,3,50
6.508989,100.2832564,Daerah: Perlis<br>No:154<br>Hex coord:(12;14),Kampung Balik Bukit. Perlis. Malaysia,3,3,3,3,3,3,3,1,1,1,1,1,1,1,1,1,0,3,3,3,3,3,3,3,3,3,3,3,3,3,3,72
6.501209,100.2968191,Daerah: Perlis<br>No:155<br>Hex coord:(13;14),Kampung Paya Burma. Perlis. Malaysia,0,0,0,0,0,0,0,0,0,0,0,0,0,0,0,0,0,0,0,0,0,0,0,0,0,0,0,0,0,0,0,0
6.508989,100.3103818,Daerah: Perlis<br>No:156<br>Hex coord:(14;14),Kampung Baru Kok Klang. Kangar. Perlis. Malaysia,1,1,1,1,1,1,1,0,0,0,0,0,0,0,0,0,0,0,0,0,0,0,0,0,0,0,0,0,0,0,0,7
6.501209,100.3239445,Daerah: Perlis<br>No:157<br>Hex coord:(15;14),Jalan Ulu Pauh � Chuping � Padang Besar. Padang Siding. Perlis. Malaysia,1,1,1,1,1,1,1,1,1,1,0,0,0,0,0,0,0,0,2,2,2,2,2,1,1,1,1,1,1,1,1,28
6.508989,100.3375072,Daerah: Perlis<br>No:158<br>Hex coord:(16;14),Padang Siding. Perlis. Malaysia,4,4,4,4,4,4,4,4,4,4,3,3,0,0,0,0,0,1,1,1,1,1,1,1,1,1,1,1,1,0,0,58
6.501209,100.3510699,Daerah: Perlis<br>No:159<br>Hex coord:(17;14),Padang Siding. Perlis. Malaysia,8,8,8,8,8,8,8,8,7,7,6,6,3,1,1,1,1,4,4,4,4,4,4,4,4,4,4,4,2,1,1,145
6.508989,100.3646326,Daerah: Perlis<br>No:160<br>Hex coord:(18;14),Padang Siding. Perlis. Malaysia,0,0,0,0,0,0,0,0,0,0,0,0,0,0,0,0,0,0,0,0,0,0,0,0,0,0,0,0,0,0,0,0
6.485649,100.1611921,Daerah: Perlis<br>No:161<br>Hex coord:(3;15),Genting Nisam. Perlis. Malaysia,0,0,0,0,0,0,0,0,0,0,0,0,0,0,0,0,0,0,0,0,0,0,0,0,0,0,0,0,0,0,0,0
6.493429,100.1747548,Daerah: Perlis<br>No:162<br>Hex coord:(4;15),Kangar. Perlis. Malaysia,2,2,2,2,2,2,2,2,2,2,1,0,0,0,0,0,0,1,4,4,4,4,2,2,2,2,2,2,2,2,1,55
6.485649,100.1883175,Daerah: Perlis<br>No:163<br>Hex coord:(5;15),01300 Kangar. Perlis. Malaysia,10,8,6,6,6,6,5,4,4,2,2,2,1,1,0,0,0,2,5,5,5,5,4,3,1,1,1,3,3,2,2,105
6.493429,100.2018802,Daerah: Perlis<br>No:164<br>Hex coord:(6;15),01300 Kangar. Perlis. Malaysia,17,17,17,17,18,18,18,17,14,12,9,9,9,7,4,4,4,8,8,8,11,11,13,12,12,12,12,12,11,10,9,360
6.485649,100.2154429,Daerah: Perlis<br>No:165<br>Hex coord:(7;15),Masjid Sirajuddin. Jalan Kangar � Padang Besar. Jejawi. 01300 Kampung Paya. Perlis. Malaysia,18,18,18,14,15,15,14,14,12,10,7,7,7,6,5,5,3,8,23,22,21,18,17,13,8,5,5,7,6,6,6,353
6.493429,100.2290056,Daerah: Perlis<br>No:166<br>Hex coord:(8;15),Jejawi. 02500 Kampung Paya. Perlis. Malaysia,27,27,27,25,26,24,21,21,21,19,18,13,12,6,1,1,1,15,31,31,30,30,28,19,16,16,16,18,11,10,6,567
6.485649,100.2425683,Daerah: Perlis<br>No:167<br>Hex coord:(9;15),Bukit Ngolang. Kangar. Perlis. Malaysia,20,20,21,21,26,26,25,24,23,22,20,17,12,7,5,5,2,7,18,18,17,15,14,10,7,7,7,7,4,4,1,432
6.493429,100.256131,Daerah: Perlis<br>No:168<br>Hex coord:(10;15),Kampung Bawah Bukit. 02500 Kampung Balik Bukit. Perlis. Malaysia,8,8,6,6,10,9,9,9,9,9,9,7,7,7,6,6,2,6,8,8,11,11,11,9,8,8,8,8,8,8,7,246
6.485649,100.2696937,Daerah: Perlis<br>No:169<br>Hex coord:(11;15),Ladang Cowder. Kangar. Perlis. Malaysia,6,6,5,5,8,7,7,5,5,5,5,5,5,4,4,4,2,3,4,4,4,4,3,3,3,2,2,2,1,1,0,124
6.493429,100.2832564,Daerah: Perlis<br>No:170<br>Hex coord:(12;15),Kampung Bawah Bukit. 02500 Kampung Perit. Perlis. Malaysia,1,1,1,1,1,1,1,1,1,1,0,0,0,0,0,0,0,1,3,3,3,3,4,2,2,2,2,2,2,2,2,43
6.485649,100.2968191,Daerah: Perlis<br>No:171<br>Hex coord:(13;15),Lorong Raflesia. 02500 Mata Ayer. Perlis. Malaysia,5,5,5,5,6,6,6,6,6,6,6,6,6,5,4,4,2,7,6,6,5,5,9,9,8,6,6,6,6,6,6,180
6.493429,100.3103818,Daerah: Perlis<br>No:172<br>Hex coord:(14;15),Kampung Baru Kok Klang. Perlis. Malaysia,2,2,0,0,0,0,0,0,0,0,0,0,0,0,0,0,0,1,1,0,0,0,0,0,0,0,0,0,0,0,0,6
6.485649,100.3239445,Daerah: Perlis<br>No:173<br>Hex coord:(15;15),Mata Ayer. Perlis. Malaysia,0,0,0,0,0,0,0,0,0,0,0,0,0,0,0,0,0,0,1,1,1,1,1,0,0,0,0,0,0,0,0,5
6.493429,100.3375072,Daerah: Perlis<br>No:174<br>Hex coord:(16;15),Padang Siding. Perlis. Malaysia,10,10,9,9,9,8,8,6,4,4,4,3,3,1,1,1,0,6,10,9,8,7,6,4,4,4,4,4,2,2,1,161
6.485649,100.3510699,Daerah: Perlis<br>No:175<br>Hex coord:(17;15),Sungai Arau. Perlis. Malaysia,1,1,1,1,1,1,1,1,1,1,1,0,0,0,0,0,0,0,0,0,0,0,0,0,0,0,0,0,0,0,0,11
6.493429,100.3646326,Daerah: Perlis<br>No:176<br>Hex coord:(18;15),Padang Siding. Kangar. Perlis. Malaysia,0,0,0,0,0,0,0,0,0,0,0,0,0,0,0,0,0,0,0,0,0,0,0,0,0,0,0,0,0,0,0,0
6.470089,100.1611921,Daerah: Perlis<br>No:177<br>Hex coord:(3;16),Malaysia Perlis University. Kangar. Perlis. Malaysia,2,2,3,3,3,3,3,3,3,3,3,3,3,2,1,1,0,0,0,0,0,0,0,0,0,0,0,0,0,0,0,41
6.477869,100.1747548,Daerah: Perlis<br>No:178<br>Hex coord:(4;16),01000 Kangar. Perlis. Malaysia,17,14,14,14,14,14,14,14,13,13,9,7,4,4,1,1,1,1,3,3,3,2,2,2,1,1,1,1,1,1,1,191
6.470089,100.1883175,Daerah: Perlis<br>No:179<br>Hex coord:(5;16),Sungai Siram. Kangar. Perlis. Malaysia,8,8,8,8,9,9,9,7,6,5,5,4,4,3,2,2,0,1,5,5,5,6,5,5,5,2,2,2,2,2,1,145
6.477869,100.2018802,Daerah: Perlis<br>No:180<br>Hex coord:(6;16),Jejawi. 01300 Kampung Salang. Perlis. Malaysia,7,6,8,8,8,8,7,7,5,5,4,4,2,2,0,0,0,6,9,8,6,6,5,3,1,1,1,1,1,0,0,129
6.470089,100.2154429,Daerah: Perlis<br>No:181<br>Hex coord:(7;16),Jalan Santan � Batu Dua. Kangar. Perlis. Malaysia,13,12,12,12,15,15,15,14,13,12,12,11,8,7,5,5,2,14,21,19,16,14,14,10,6,4,4,5,4,4,2,320
6.477869,100.2290056,Daerah: Perlis<br>No:182<br>Hex coord:(8;16),Jejawi. 02500 Kangar. Perlis. Malaysia,13,13,19,18,20,18,17,17,13,13,12,12,12,11,5,5,3,6,19,18,21,17,17,13,10,9,9,11,9,12,10,402
6.470089,100.2425683,Daerah: Perlis<br>No:183<br>Hex coord:(9;16),Sungai Tepoh. Kangar. Perlis. Malaysia,5,5,5,5,6,6,6,6,6,6,5,5,3,3,3,3,1,7,8,7,7,7,7,7,7,6,6,4,4,4,3,163
6.477869,100.256131,Daerah: Perlis<br>No:184<br>Hex coord:(10;16),Jejawi. 02500 Mata Ayer. Perlis. Malaysia,23,23,33,31,36,36,36,32,29,26,25,25,23,22,10,10,6,17,23,20,21,21,19,17,11,11,11,11,11,10,9,638
6.470089,100.2696937,Daerah: Perlis<br>No:185<br>Hex coord:(11;16),Jejawi. 02500 Mata Ayer. Perlis. Malaysia,8,7,5,5,3,3,3,3,3,3,3,3,2,2,2,2,0,11,8,7,7,7,7,7,7,7,7,7,3,3,1,146
6.477869,100.2832564,Daerah: Perlis<br>No:186<br>Hex coord:(12;16),Pauh. 02600 Kampung Perit. Perlis. Malaysia,0,0,0,0,1,1,1,1,1,1,1,1,1,1,1,1,0,2,2,2,2,2,1,1,1,1,1,1,0,0,0,28
6.470089,100.2968191,Daerah: Perlis<br>No:187<br>Hex coord:(13;16),Pauh. 02600 Kampung Paya Burma. Perlis. Malaysia,5,4,4,3,3,3,3,0,0,0,0,0,0,0,0,0,0,2,5,3,3,1,3,2,2,2,2,2,2,2,2,58
6.477869,100.3103818,Daerah: Perlis<br>No:188<br>Hex coord:(14;16),Masjid Al Hakam. Mata Ayer. Perlis. Malaysia,1,1,1,0,0,0,0,0,0,0,0,0,0,0,0,0,0,0,0,0,0,0,0,0,0,0,0,0,0,0,0,3
6.470089,100.3239445,Daerah: Perlis<br>No:189<br>Hex coord:(15;16),Ladang Tanah Phang. Perlis. Malaysia,0,0,0,0,0,0,0,0,0,0,0,0,0,0,0,0,0,0,0,0,0,0,0,0,0,0,0,0,0,0,0,0
6.477869,100.3375072,Daerah: Perlis<br>No:190<br>Hex coord:(16;16),Sungai Arau. Arau. Perlis. Malaysia,2,2,2,2,2,2,2,0,0,0,0,0,0,0,0,0,0,1,1,1,1,1,1,1,1,1,1,1,1,1,1,28
6.470089,100.3510699,Daerah: Perlis<br>No:191<br>Hex coord:(17;16),UniMAP Manufacturing School. Arau. Perlis. Malaysia,0,0,0,0,0,0,0,0,0,0,0,0,0,0,0,0,0,0,0,0,0,0,0,0,0,0,0,0,0,0,0,0
6.477869,100.3646326,Daerah: Perlis<br>No:192<br>Hex coord:(18;16),Kayu Hitam Forest Reserve. Perlis. Malaysia,0,0,0,0,0,0,0,0,0,0,0,0,0,0,0,0,0,0,0,0,0,0,0,0,0,0,0,0,0,0,0,0
6.462309,100.1476294,Daerah: Perlis<br>No:193<br>Hex coord:(2;17),Tebing Tinggi. 01000 Kangar. Perlis. Malaysia,0,0,0,0,0,0,0,0,0,0,0,0,0,0,0,0,0,0,0,0,0,0,0,0,0,0,0,0,0,0,0,0
6.454529,100.1611921,Daerah: Perlis<br>No:194<br>Hex coord:(3;17),Seriab. 01000 Kangar. Perlis. Malaysia,23,23,22,18,19,19,14,12,10,10,10,10,8,7,6,6,4,11,18,18,16,16,11,8,7,7,7,9,9,5,3,366
6.462309,100.1747548,Daerah: Perlis<br>No:195<br>Hex coord:(4;17),Alur Tok Seh. Kangar. Perlis. Malaysia,17,17,17,15,17,15,14,13,10,10,10,9,5,4,4,4,3,4,9,9,9,8,7,7,7,6,6,6,5,6,4,277
6.454529,100.1883175,Daerah: Perlis<br>No:196<br>Hex coord:(5;17),Seriab. 01000 Kangar. Perlis. Malaysia,59,52,50,47,50,47,46,45,38,31,30,28,25,16,7,7,4,36,43,42,40,42,38,34,31,31,31,29,24,19,16,1038
6.462309,100.2018802,Daerah: Perlis<br>No:197<br>Hex coord:(6;17),Jejawi. 01300 Kampung Salang. Perlis. Malaysia,30,30,29,26,27,24,24,21,21,17,14,12,11,11,5,5,2,19,31,30,30,28,27,24,21,16,16,13,11,7,4,586
6.454529,100.2154429,Daerah: Perlis<br>No:198<br>Hex coord:(7;17),Jejawi. 01300 Kangar. Perlis. Malaysia,40,39,36,32,39,39,38,38,37,32,26,18,16,11,10,10,6,27,36,32,30,27,26,24,17,14,14,12,8,7,4,745
6.462309,100.2290056,Daerah: Perlis<br>No:199<br>Hex coord:(8;17),R171. Jejawi. 02500 Kangar. Perlis. Malaysia,11,11,17,15,18,17,17,17,16,12,12,11,11,11,4,4,0,8,8,7,7,7,7,7,7,6,6,7,4,4,3,292
6.454529,100.2425683,Daerah: Perlis<br>No:200<br>Hex coord:(9;17),Jejawi. 02500 Kangar. Perlis. Malaysia,34,34,29,27,31,30,29,24,23,20,15,9,7,7,4,4,0,8,17,16,16,15,13,13,12,7,7,8,7,7,4,477
6.462309,100.256131,Daerah: Perlis<br>No:201<br>Hex coord:(10;17),KTH Homestay. 21 Hutan Temin. 02500 Arau. Perlis. Malaysia,16,16,16,16,17,16,16,14,14,13,13,11,6,4,3,3,1,3,16,16,19,18,19,14,11,7,7,7,7,5,5,349
6.454529,100.2696937,Daerah: Perlis<br>No:202<br>Hex coord:(11;17),Jalan Padang Nyu. 02600 Arau. Perlis. Malaysia,14,13,14,14,17,17,16,13,11,11,9,9,7,6,5,5,4,7,11,8,8,6,6,4,4,4,4,5,4,4,3,263
6.462309,100.2832564,Daerah: Perlis<br>No:203<br>Hex coord:(12;17),Pauh. 02600 Kangar. Perlis. Malaysia,3,3,1,1,1,1,1,1,0,0,0,0,0,0,0,0,0,0,3,3,3,1,1,1,0,0,0,0,0,0,0,24
6.454529,100.2968191,Daerah: Perlis<br>No:204<br>Hex coord:(13;17),Sungai Arau. Arau. Perlis. Malaysia,8,6,6,6,6,6,4,4,4,2,2,2,2,2,2,2,2,2,11,11,11,10,10,7,5,0,0,1,1,1,1,137
6.462309,100.3103818,Daerah: Perlis<br>No:205<br>Hex coord:(14;17),Pauh. 02600 Kampung Kok Klang. Perlis. Malaysia,1,1,1,1,1,1,1,1,1,1,1,0,0,0,0,0,0,0,1,1,1,1,1,1,1,1,1,1,1,1,1,24
6.454529,100.3239445,Daerah: Perlis<br>No:206<br>Hex coord:(15;17),Pauh. Kangar. Perlis. Malaysia,2,2,2,2,2,1,1,1,1,0,0,0,0,0,0,0,0,2,3,3,3,3,3,3,3,2,2,2,1,1,0,45
6.462309,100.3375072,Daerah: Perlis<br>No:207<br>Hex coord:(16;17),Pauh. Padang Siding. Perlis. Malaysia,4,4,4,4,3,3,3,3,3,3,1,1,1,1,1,1,0,2,6,6,7,7,7,6,5,5,5,5,5,4,3,113
6.454529,100.3510699,Daerah: Perlis<br>No:208<br>Hex coord:(17;17),Padang Siding. Perlis. Malaysia,7,7,7,6,4,4,4,2,2,1,0,0,0,0,0,0,0,1,5,5,5,5,4,4,2,1,1,1,1,1,0,80
6.462309,100.3646326,Daerah: Perlis<br>No:209<br>Hex coord:(18;17),Padang Siding. Perlis. Malaysia,0,0,0,0,0,0,0,0,0,0,0,0,0,0,0,0,0,1,1,1,1,1,1,1,1,1,1,0,0,0,0,10
6.446749,100.1476294,Daerah: Perlis<br>No:210<br>Hex coord:(2;18),Genting Wong. 01000 Tebing Tinggi. Perlis. Malaysia,0,0,0,0,0,0,0,0,0,0,0,0,0,0,0,0,0,0,0,0,0,0,0,0,0,0,0,0,0,0,0,0
6.438969,100.1611921,Daerah: Perlis<br>No:211<br>Hex coord:(3;18),Seriab. 01000 Tebing Tinggi. Perlis. Malaysia,34,33,31,31,35,35,35,33,27,23,16,16,15,13,8,8,4,8,10,9,8,7,9,9,5,5,5,7,8,8,7,502
6.446749,100.1747548,Daerah: Perlis<br>No:212<br>Hex coord:(4;18),Seriab. 01000 Kangar. Perlis. Malaysia,68,65,63,62,62,60,53,46,44,35,31,24,21,12,6,6,6,27,47,47,53,51,45,42,37,32,32,31,25,22,12,1167
6.438969,100.1883175,Daerah: Perlis<br>No:213<br>Hex coord:(5;18),Jalan Tun Raza. Seriab. 01000 Kangar. Perlis. Malaysia,152,142,141,127,133,126,118,111,107,100,95,85,45,34,11,11,8,57,90,78,80,78,83,73,65,53,53,52,44,38,27,2417
6.446749,100.2018802,Daerah: Perlis<br>No:214<br>Hex coord:(6;18),Sekolah Menengah Kebangsaan Syed Hassan. Jalan Sekolah Derma. Jejawi. 01300 Kangar. Perlis. Malaysia,103,102,106,98,118,115,112,103,95,87,81,70,58,44,28,28,10,51,76,63,61,60,54,48,39,33,33,36,36,32,20,2000
6.438969,100.2154429,Daerah: Perlis<br>No:215<br>Hex coord:(7;18),Arena Kakibuku. C6 85E Jalan Padang Behor. 01000 Kangar. Perlis. Malaysia,61,60,53,47,56,56,50,42,31,25,23,20,19,16,9,9,3,15,27,25,26,24,18,16,13,10,10,11,9,8,7,799
6.446749,100.2290056,Daerah: Perlis<br>No:216<br>Hex coord:(8;18),Jejawi. 01300 Kangar. Perlis. Malaysia,62,58,55,51,58,57,55,42,39,32,28,27,22,19,12,12,5,12,27,27,28,24,22,21,16,11,11,9,7,6,5,860
6.438969,100.2425683,Daerah: Perlis<br>No:217<br>Hex coord:(9;18),Jalan Saujana Idaman 9. Jejawi. 02600 Kampung Kubang Gajah. Perlis. Malaysia,25,24,23,21,20,19,16,12,11,10,7,6,6,4,1,1,0,8,16,16,19,19,17,15,14,11,11,14,12,11,8,397
6.446749,100.256131,Daerah: Perlis<br>No:218<br>Hex coord:(10;18),Jejawi. 02600 Kampung Kubang Gajah. Perlis. Malaysia,12,10,7,6,9,9,8,7,6,5,5,4,3,3,3,3,3,13,11,11,9,9,9,9,8,8,8,5,5,5,2,215
6.438969,100.2696937,Daerah: Perlis<br>No:219<br>Hex coord:(11;18),Jalan Seri Arau 2. 02600 Arau. Perlis. Malaysia,60,56,41,41,45,45,44,42,35,31,26,23,17,17,14,14,7,30,46,45,42,39,44,32,31,28,28,27,21,22,15,1008
6.446749,100.2832564,Daerah: Perlis<br>No:220<br>Hex coord:(12;18),MARA University of Technology Perlis. Jalan Rani Estate. 02600 Arau. Perlis. Malaysia,18,18,18,18,21,21,19,16,14,14,12,12,10,9,7,7,7,9,19,18,20,16,15,8,8,8,8,8,7,7,3,395
6.438969,100.2968191,Daerah: Perlis<br>No:221<br>Hex coord:(13;18),Pauh. 02800 Kangar. Perlis. Malaysia,43,33,28,22,33,31,31,27,25,23,23,23,21,19,13,13,7,18,35,32,32,29,30,26,21,20,20,21,21,21,15,756
6.446749,100.3103818,Daerah: Perlis<br>No:222<br>Hex coord:(14;18),Pauh. 02800 Kangar. Perlis. Malaysia,13,13,12,12,14,9,9,8,6,6,6,4,4,2,2,2,2,2,6,5,5,5,2,2,2,2,2,3,3,3,2,168
6.438969,100.3239445,Daerah: Perlis<br>No:223<br>Hex coord:(15;18),06100 Kampung Sena. Perlis. Malaysia,0,0,0,0,0,0,0,0,0,0,0,0,0,0,0,0,0,0,1,1,1,1,1,1,1,0,0,0,0,0,0,7
6.446749,100.3375072,Daerah: Perlis<br>No:224<br>Hex coord:(16;18),Politeknik Tuanku Syed Sirajuddin. Jalan Kuala Perlis � Changlun. Pauh. 02800 Kangar. Perlis. Malaysia,5,2,1,1,1,1,1,1,1,0,0,0,0,0,0,0,0,2,2,2,2,2,2,2,2,2,2,2,2,2,0,40
6.423409,100.1340667,Daerah: Perlis<br>No:225<br>Hex coord:(1;19),Seriab. 02000 Kangar. Perlis. Malaysia,12,12,11,11,14,14,12,11,10,10,7,6,4,3,3,3,3,10,14,14,12,12,11,9,9,9,9,6,3,4,3,271
6.431189,100.1476294,Daerah: Perlis<br>No:226<br>Hex coord:(2;19),Seriab. 02000 Kangar. Perlis. Malaysia,0,0,0,0,0,0,0,0,0,0,0,0,0,0,0,0,0,0,0,0,0,0,0,0,0,0,0,0,0,0,0,0
6.423409,100.1611921,Daerah: Perlis<br>No:227<br>Hex coord:(3;19),Seriab. 02000 Kangar. Perlis. Malaysia,3,3,2,2,2,2,1,0,0,0,0,0,0,0,0,0,0,0,2,2,2,0,0,0,0,0,0,0,0,0,0,21
6.431189,100.1747548,Daerah: Perlis<br>No:228<br>Hex coord:(4;19),Seriab. 01000 Kangar. Perlis. Malaysia,25,25,23,22,18,18,17,16,8,7,5,2,2,1,1,1,1,6,17,15,16,14,11,11,9,4,4,4,4,4,2,313
6.423409,100.1883175,Daerah: Perlis<br>No:229<br>Hex coord:(5;19),Seriab. 01000 Kampung Alor Pulai. Perlis. Malaysia,29,28,36,33,41,41,41,41,40,39,39,34,24,21,8,8,4,21,43,41,41,38,34,28,24,19,19,18,13,13,5,864
6.431189,100.2018802,Daerah: Perlis<br>No:230<br>Hex coord:(6;19),Seriab. 01000 Kangar. Perlis. Malaysia,146,141,121,112,121,119,107,100,77,71,59,54,36,34,23,23,11,48,92,87,85,77,70,61,55,42,42,47,44,41,27,2173
6.423409,100.2154429,Daerah: Perlis<br>No:231<br>Hex coord:(7;19),Sekolah Menengah Sains Tunku Syed Putra. Kangar. Perlis. Malaysia,25,24,23,23,23,23,23,18,12,12,11,9,9,8,3,3,3,5,12,12,15,15,14,13,10,8,8,11,11,8,7,401
6.431189,100.2290056,Daerah: Perlis<br>No:232<br>Hex coord:(8;19),R145. Jejawi. 01000 Kangar. Perlis. Malaysia,20,20,17,15,17,16,15,11,10,6,5,5,5,3,3,3,1,10,14,14,16,16,14,14,12,9,9,7,6,5,4,322
6.423409,100.2425683,Daerah: Perlis<br>No:233<br>Hex coord:(9;19),Jejawi. 02600 Kangar. Perlis. Malaysia,1,1,1,1,1,1,1,1,1,1,1,0,0,0,0,0,0,0,0,0,0,0,0,0,0,0,0,0,0,0,0,11
6.431189,100.256131,Daerah: Perlis<br>No:234<br>Hex coord:(10;19),Jejawi. 02800 Kampung Banat. Perlis. Malaysia,0,0,0,0,0,0,0,0,0,0,0,0,0,0,0,0,0,1,0,0,0,0,0,0,0,0,0,0,0,0,0,1
6.423409,100.2696937,Daerah: Perlis<br>No:235<br>Hex coord:(11;19),02800 Arau. Perlis. Malaysia,66,61,43,41,45,45,42,37,31,28,22,19,18,16,10,10,4,21,32,28,28,29,27,25,20,20,20,19,16,13,13,849
6.431189,100.2832564,Daerah: Perlis<br>No:236<br>Hex coord:(12;19),Pauh. 02800 Kampung Hutan Kandis. Perlis. Malaysia,27,27,27,27,30,30,29,27,18,18,16,13,10,10,6,6,5,8,14,14,14,16,12,11,9,9,9,10,8,7,5,472
6.423409,100.2968191,Daerah: Perlis<br>No:237<br>Hex coord:(13;19),Pauh. 02800 Kampung Sena. Perlis. Malaysia,10,10,10,10,14,14,13,13,12,12,8,8,7,7,7,7,5,11,13,8,8,8,6,5,5,5,5,1,1,2,2,247
6.431189,100.3103818,Daerah: Perlis<br>No:238<br>Hex coord:(14;19),Sungai Padang Champa. Arau. Perlis. Malaysia,15,15,14,13,12,11,11,11,10,10,10,7,7,3,3,3,2,7,10,9,9,9,7,4,4,4,4,7,7,7,4,249
6.407849,100.1340667,Daerah: Perlis<br>No:239<br>Hex coord:(1;20),Taman Seri Bayu. 02000 Kuala Perlis. Perlis. Malaysia,76,71,67,65,68,65,60,48,39,31,28,26,24,18,15,15,9,40,55,53,52,47,42,35,35,34,34,26,17,16,11,1222
6.415629,100.1476294,Daerah: Perlis<br>No:240<br>Hex coord:(2;20),Kota Kayang Museum. R100. Taman Seri Bayu. 02000 Kuala Perlis. Perlis. Malaysia,2,2,2,2,3,3,3,3,3,3,3,3,2,2,1,1,0,3,3,3,3,3,3,3,3,3,3,3,3,2,2,78
6.407849,100.1611921,Daerah: Perlis<br>No:241<br>Hex coord:(3;20),Taman Seri Bayu. 02000 Kangar. Perlis. Malaysia,0,0,0,0,0,0,0,0,0,0,0,0,0,0,0,0,0,0,1,1,1,1,1,0,0,0,0,2,2,2,2,13
6.415629,100.1747548,Daerah: Perlis<br>No:242<br>Hex coord:(4;20),Seriab. 01000 Kangar. Perlis. Malaysia,13,13,12,11,14,14,11,8,8,8,7,4,3,3,3,3,2,5,9,6,5,5,4,2,1,1,1,1,1,0,0,178
6.407849,100.1883175,Daerah: Perlis<br>No:243<br>Hex coord:(5;20),Jabatan Imigresen Negeri Perlis. Kompleks KDN Perlis. Aras 1 & 2 Persiaran Wawasan. 01000 Kangar. Perlis. Malaysia,31,30,29,24,28,26,20,18,18,17,15,12,10,10,8,8,6,11,20,17,16,16,17,14,12,11,11,12,10,9,5,491
6.415629,100.2018802,Daerah: Perlis<br>No:244<br>Hex coord:(6;20),Lorong Pakdin. Seriab. 01000 Kangar. Perlis. Malaysia,104,98,92,82,80,77,72,64,52,41,36,34,25,20,17,17,12,26,47,41,41,42,42,39,35,27,27,27,24,23,15,1379
6.407849,100.2154429,Daerah: Perlis<br>No:245<br>Hex coord:(7;20),Seriab. 01000 Kangar. Perlis. Malaysia,0,0,0,0,1,1,1,1,1,1,1,1,1,1,1,1,1,1,0,0,0,0,0,0,0,0,0,0,0,0,0,14
6.415629,100.2290056,Daerah: Perlis<br>No:246<br>Hex coord:(8;20),Jejawi. 01000 Kangar. Perlis. Malaysia,11,11,11,9,9,6,6,1,1,0,0,0,0,0,0,0,0,1,1,1,1,1,1,1,1,1,1,1,1,1,0,78
6.407849,100.2425683,Daerah: Perlis<br>No:247<br>Hex coord:(9;20),Jejawi. 02800 Tambun Tulang. Perlis. Malaysia,1,1,1,1,1,1,1,1,1,1,1,0,0,0,0,0,0,0,0,0,0,0,0,0,0,0,0,0,0,0,0,11
6.415629,100.256131,Daerah: Perlis<br>No:248<br>Hex coord:(10;20),Jejawi. 02800 Kampung Banat. Perlis. Malaysia,1,1,1,1,1,1,1,1,1,1,1,1,1,1,1,1,1,1,3,3,3,3,1,1,1,1,1,0,0,0,0,35
6.407849,100.2696937,Daerah: Perlis<br>No:249<br>Hex coord:(11;20),Tali Ayer Lebai Tahir. Arau. Perlis. Malaysia,4,4,4,4,4,4,4,4,4,4,4,4,4,4,4,4,3,3,3,3,3,3,3,3,3,3,3,3,3,3,3,109
6.415629,100.2832564,Daerah: Perlis<br>No:250<br>Hex coord:(12;20),Sungai Alor Melaka. Arau. Perlis. Malaysia,10,10,12,12,13,13,13,12,6,6,5,4,3,3,1,1,1,5,10,9,9,6,5,5,4,4,4,4,4,2,1,197
6.407849,100.2968191,Daerah: Perlis<br>No:251<br>Hex coord:(13;20),Jalan Pauh. Arau. Perlis. Malaysia,9,9,9,9,13,13,11,11,11,11,9,8,8,8,8,8,5,4,9,8,8,9,7,6,6,4,4,4,4,5,5,243
6.415629,100.3103818,Daerah: Perlis<br>No:252<br>Hex coord:(14;20),Pauh. 06100 Kampung Sena. Perlis. Malaysia,3,3,1,0,2,2,2,2,2,2,2,2,2,2,2,2,2,1,1,1,1,1,1,1,1,1,1,1,1,1,0,46
6.392289,100.1340667,Daerah: Perlis<br>No:253<br>Hex coord:(1;21),Kampung Titi Serong. 02000 Kampung Perak. Perlis. Malaysia,50,47,50,49,53,50,49,45,41,37,34,30,26,25,15,15,7,34,42,41,39,36,38,33,29,28,28,31,27,25,17,1071
6.400069,100.1476294,Daerah: Perlis<br>No:254<br>Hex coord:(2;21),Kampung Titi Serong. 02000 Kuala Perlis. Perlis. Malaysia,33,32,31,28,30,28,25,23,21,16,15,10,9,9,7,7,4,17,20,18,17,18,18,16,15,15,15,16,15,13,5,546
6.392289,100.1611921,Daerah: Perlis<br>No:255<br>Hex coord:(3;21),Masjid Batu 5. Kangar. Perlis. Malaysia,17,15,11,9,8,7,7,6,6,5,5,5,4,4,0,0,0,3,4,4,2,3,3,2,2,2,2,2,2,2,2,144
6.400069,100.1747548,Daerah: Perlis<br>No:256<br>Hex coord:(4;21),Jalan Kuala Perlis � Changlun. Kampung Titi Serong. 02000 Kangar. Perlis. Malaysia,34,31,25,22,24,24,18,17,16,16,15,13,9,8,5,5,3,8,9,8,7,8,10,9,9,8,8,8,6,5,5,393
6.392289,100.1883175,Daerah: Perlis<br>No:257<br>Hex coord:(5;21),Kampung Titi Serong. 02000 Kangar. Perlis. Malaysia,22,21,21,19,16,16,16,16,16,13,13,13,10,7,4,4,1,7,13,13,13,12,8,8,7,7,7,9,8,6,4,350
6.400069,100.2018802,Daerah: Perlis<br>No:258<br>Hex coord:(6;21),Seriab. 01000 Kampung Guar Ujung Batu. Perlis. Malaysia,62,62,63,55,57,56,56,50,42,42,35,34,26,19,14,14,9,25,34,31,30,28,26,22,21,19,19,16,18,12,8,1005
6.392289,100.2154429,Daerah: Perlis<br>No:259<br>Hex coord:(7;21),Seriab. 01000 Kangar. Perlis. Malaysia,14,13,12,12,12,12,12,10,7,7,7,7,6,6,4,4,4,4,6,6,6,6,4,4,4,2,2,2,2,0,0,197
6.400069,100.2290056,Daerah: Perlis<br>No:260<br>Hex coord:(8;21),Jejawi. 01000 Kangar. Perlis. Malaysia,0,0,0,0,0,0,0,0,0,0,0,0,0,0,0,0,0,0,0,0,0,0,0,0,0,0,0,0,0,0,0,0
6.392289,100.2425683,Daerah: Perlis<br>No:261<br>Hex coord:(9;21),Jejawi. 02800 Tambun Tulang. Perlis. Malaysia,3,3,3,3,3,3,3,3,0,0,0,0,0,0,0,0,0,6,8,8,8,8,7,7,7,7,7,4,2,1,1,105
6.400069,100.256131,Daerah: Perlis<br>No:262<br>Hex coord:(10;21),Jejawi. 02800 Kampung Banat. Perlis. Malaysia,2,2,2,2,2,2,2,2,2,1,1,1,1,1,1,1,1,1,1,1,1,1,1,1,1,1,1,1,2,2,2,43
6.392289,100.2696937,Daerah: Perlis<br>No:263<br>Hex coord:(11;21),02800 Kampung Hutan Kandis. Perlis. Malaysia,6,6,6,6,6,6,6,6,6,5,4,4,4,4,4,4,3,3,4,4,4,4,4,4,3,3,3,3,3,3,3,134
6.400069,100.2832564,Daerah: Perlis<br>No:264<br>Hex coord:(12;21),Perhentian Jelempuk. Arau. Perlis. Malaysia,18,17,17,17,17,17,17,16,13,5,3,3,3,3,2,2,0,3,1,1,1,1,1,1,1,1,1,0,0,1,1,184
6.384509,100.1476294,Daerah: Perlis<br>No:265<br>Hex coord:(2;22),Taman Semarak. 02000 Kangar. Perlis. Malaysia,11,11,10,8,7,7,7,6,4,4,4,2,2,2,1,1,0,5,4,4,4,5,3,3,3,3,3,2,3,3,2,134
6.376729,100.1611921,Daerah: Perlis<br>No:266<br>Hex coord:(3;22),Kampung Titi Serong. 02000 Kampung Tanjung Gelam. Perlis. Malaysia,6,6,7,7,4,4,4,4,4,4,4,4,2,2,1,1,1,1,1,1,1,1,0,0,0,0,0,0,0,0,0,70
6.384509,100.1747548,Daerah: Perlis<br>No:267<br>Hex coord:(4;22),Sungai Alor Maro. Kangar. Perlis. Malaysia,1,1,1,1,2,2,2,1,1,1,1,1,1,1,1,1,0,0,0,0,0,0,0,0,0,0,0,1,1,1,1,23
6.376729,100.1883175,Daerah: Perlis<br>No:268<br>Hex coord:(5;22),Kampung Titi Serong. 02000 Kampung Kenangan. Perlis. Malaysia,6,6,6,6,6,6,6,5,4,4,4,3,3,2,1,1,1,0,3,3,3,3,2,1,0,0,0,0,0,0,0,85
6.384509,100.2018802,Daerah: Perlis<br>No:269<br>Hex coord:(6;22),R161. Kangar. Perlis. Malaysia,16,16,15,13,18,17,17,15,11,11,11,11,11,11,8,8,7,16,23,23,23,22,20,16,15,14,14,17,14,4,4,441
6.376729,100.2154429,Daerah: Perlis<br>No:270<br>Hex coord:(7;22),Seriab. Kangar. Perlis. Malaysia,0,0,0,0,0,0,0,0,0,0,0,0,0,0,0,0,0,0,0,0,0,0,0,0,0,0,0,0,0,0,0,0
6.384509,100.2290056,Daerah: Perlis<br>No:271<br>Hex coord:(8;22),Tambun Tulang. Perlis. Malaysia,1,1,1,1,1,1,1,1,0,0,0,0,0,0,0,0,0,0,0,0,0,0,0,0,0,0,0,0,0,0,0,8
6.376729,100.2425683,Daerah: Perlis<br>No:272<br>Hex coord:(9;22),Tambun Tulang. Perlis. Malaysia,29,29,25,24,28,27,25,25,21,21,18,12,9,9,6,6,3,9,27,27,27,21,18,17,14,10,10,7,4,3,3,514
6.384509,100.256131,Daerah: Perlis<br>No:273<br>Hex coord:(10;22),02800 Tambun Tulang. Perlis. Malaysia,6,6,5,5,7,7,7,7,4,4,4,4,4,4,3,3,2,1,5,5,5,5,2,2,2,1,1,1,2,2,2,118
6.376729,100.2696937,Daerah: Perlis<br>No:274<br>Hex coord:(11;22),R149. Arau. Perlis. Malaysia,1,1,2,2,2,2,2,2,1,1,1,1,1,1,0,0,0,0,1,1,2,2,2,2,2,2,2,2,2,2,1,43
6.384509,100.2832564,Daerah: Perlis<br>No:275<br>Hex coord:(12;22),06100 Kampung Jelempok. Perlis. Malaysia,6,5,5,5,5,1,1,1,1,1,1,1,1,1,1,1,1,2,2,2,2,2,2,1,1,1,1,1,0,0,0,55
6.368949,100.1476294,Daerah: Perlis<br>No:276<br>Hex coord:(2;23),Jalan Rosli Talib. Kuala Perlis. Perlis. Malaysia,1,1,2,2,2,2,2,2,2,2,2,2,1,1,0,0,0,1,2,2,2,2,2,0,0,0,0,0,0,0,0,35
6.361169,100.1611921,Daerah: Perlis<br>No:277<br>Hex coord:(3;23),Kampung Titi Serong. 02000 Kampung Sungai Berembang. Perlis. Malaysia,5,5,4,4,6,6,6,6,6,6,6,5,5,5,3,3,1,2,4,4,4,4,4,3,1,1,1,0,0,0,0,110
6.368949,100.1747548,Daerah: Perlis<br>No:278<br>Hex coord:(4;23),Kampung Titi Serong. 02000 Kampung Tanjung Gelam. Perlis. Malaysia,3,3,6,6,6,6,6,6,6,6,6,6,6,6,1,1,1,1,2,2,2,1,1,1,0,0,0,0,0,2,2,95
6.361169,100.1883175,Daerah: Perlis<br>No:279<br>Hex coord:(5;23),Kampung Titi Serong. Kampung Kenangan. Perlis. Malaysia,16,16,18,15,16,16,13,13,7,7,7,6,6,6,2,2,2,5,8,8,8,5,5,5,5,5,5,6,6,6,3,248
6.368949,100.2018802,Daerah: Perlis<br>No:280<br>Hex coord:(6;23),Kampung Titi Serong. Kangar. Perlis. Malaysia,10,10,8,8,12,12,11,11,11,11,10,9,6,5,5,5,4,1,3,2,2,2,2,2,1,1,1,1,1,1,1,169
6.361169,100.2154429,Daerah: Perlis<br>No:281<br>Hex coord:(7;23),Kangar. Perlis. Malaysia,1,1,1,1,3,3,2,2,2,2,2,2,2,2,2,2,2,0,0,0,0,0,0,0,0,0,0,0,0,0,0,32
6.368949,100.2290056,Daerah: Perlis<br>No:282<br>Hex coord:(8;23),Tambun Tulang. Perlis. Malaysia,2,2,2,2,3,3,3,3,3,3,3,2,2,2,2,2,1,2,8,8,8,3,2,1,1,1,1,1,1,1,1,79
6.361169,100.2425683,Daerah: Perlis<br>No:283<br>Hex coord:(9;23),Tambun Tulang. Perlis. Malaysia,2,2,2,2,1,1,1,1,1,1,0,0,0,0,0,0,0,1,2,2,2,2,1,1,1,1,1,3,3,3,3,40
6.368949,100.256131,Daerah: Perlis<br>No:284<br>Hex coord:(10;23),R149. Tambun Tulang. Perlis. Malaysia,8,8,8,8,5,1,1,1,1,1,1,1,1,1,1,1,0,1,2,2,2,2,2,2,1,1,1,3,3,3,3,76
6.353389,100.1476294,Daerah: Perlis<br>No:285<br>Hex coord:(2;24),Kampung Titi Serong. 02000 Kampung Sungai Berembang. Perlis. Malaysia,3,3,4,4,4,4,4,4,4,4,4,4,4,3,1,1,0,4,6,5,5,5,5,2,2,2,2,1,1,1,1,97
6.345609,100.1611921,Daerah: Perlis<br>No:286<br>Hex coord:(3;24),Kampung Sungai Berembang. Perlis. Malaysia,4,3,0,0,0,0,0,0,0,0,0,0,0,0,0,0,0,0,0,0,0,0,0,0,0,0,0,0,0,0,0,7
6.353389,100.1747548,Daerah: Perlis<br>No:287<br>Hex coord:(4;24),Kampung Titi Serong. Kampung Tanjung Gelam. Perlis. Malaysia,3,3,3,3,4,4,4,4,4,4,3,1,1,1,1,1,1,2,4,4,4,2,1,1,1,1,1,1,1,1,0,69
6.345609,100.1883175,Daerah: Perlis<br>No:288<br>Hex coord:(5;24),Simpang Empat. Perlis. Malaysia,23,23,22,21,23,23,18,18,14,12,9,9,8,5,4,4,1,10,17,15,18,18,15,15,15,13,13,13,13,11,9,432
6.353389,100.2018802,Daerah: Perlis<br>No:289<br>Hex coord:(6;24),Simpang Empat. Perlis. Malaysia,2,2,2,2,2,2,1,1,1,1,1,1,1,1,1,1,1,2,3,3,3,3,3,3,3,2,2,1,1,1,0,53
6.345609,100.2154429,Daerah: Perlis<br>No:290<br>Hex coord:(7;24),Kangar. Perlis. Malaysia,4,4,4,4,4,4,2,1,1,1,1,0,0,0,0,0,0,4,4,1,1,1,1,1,1,1,1,3,3,3,3,58
6.353389,100.2290056,Daerah: Perlis<br>No:291<br>Hex coord:(8;24),Kangar. Perlis. Malaysia,1,1,1,1,1,1,1,1,1,1,1,1,1,1,0,0,0,1,1,1,1,1,1,1,1,1,1,1,1,1,0,27
6.345609,100.2425683,Daerah: Perlis<br>No:292<br>Hex coord:(9;24),Tambun Tulang. Perlis. Malaysia,0,0,0,0,0,0,0,0,0,0,0,0,0,0,0,0,0,0,0,0,0,0,0,0,0,0,0,0,0,0,0,0
6.353389,100.256131,Daerah: Perlis<br>No:293<br>Hex coord:(10;24),Kubang Pasu. Perlis. Malaysia,0,0,0,0,1,1,1,1,1,1,1,1,1,1,1,1,0,0,0,0,0,0,0,0,0,0,0,0,0,0,0,12
6.330049,100.1611921,Daerah: Perlis<br>No:294<br>Hex coord:(3;25),Kangar. Perlis. Malaysia,10,9,9,7,9,9,9,9,8,8,8,8,6,5,5,5,3,5,5,5,4,5,5,5,3,3,3,3,2,2,1,178
6.337829,100.1747548,Daerah: Perlis<br>No:295<br>Hex coord:(4;25),Sungai Baru. Kuala Perlis. Perlis. Malaysia,0,0,0,0,1,1,1,1,1,1,1,1,1,1,1,1,0,0,0,0,0,0,0,0,0,0,0,0,0,0,0,12
6.330049,100.1883175,Daerah: Perlis<br>No:296<br>Hex coord:(5;25),Simpang Empat. Perlis. Malaysia,13,13,11,11,11,11,6,4,4,4,3,1,0,0,0,0,0,5,9,9,9,8,8,7,6,5,5,5,5,4,1,178
6.337829,100.2018802,Daerah: Perlis<br>No:297<br>Hex coord:(6;25),Simpang Empat. Perlis. Malaysia,9,6,1,1,2,2,1,1,1,1,1,1,1,1,1,1,0,3,3,2,2,2,2,2,2,2,2,2,2,1,0,58
6.330049,100.2154429,Daerah: Perlis<br>No:298<br>Hex coord:(7;25),Jalan Tok Pulau - Tambun Tualang. Perlis. Malaysia,5,5,5,5,6,6,5,5,5,5,4,4,2,1,1,1,0,2,7,7,7,8,8,3,3,3,3,1,1,1,1,120
6.337829,100.2290056,Daerah: Perlis<br>No:299<br>Hex coord:(8;25),R157. Perlis. Malaysia,5,5,5,5,5,5,4,4,4,4,4,2,0,0,0,0,0,1,2,2,2,1,1,1,1,1,1,3,3,3,3,77
6.322269,100.1747548,Daerah: Perlis<br>No:300<br>Hex coord:(4;26),Simpang Empat. Perlis. Malaysia,3,3,3,3,3,3,3,3,3,3,3,2,1,1,1,1,1,0,2,2,2,2,2,1,0,0,0,0,0,1,1,53
6.314489,100.1883175,Daerah: Perlis<br>No:301<br>Hex coord:(5;26),Kampung Kepala Batas Pauh. Perlis. Malaysia,1,1,2,2,2,2,2,2,2,2,2,1,1,1,1,1,1,0,2,2,2,2,2,2,0,0,0,0,0,1,1,40
6.322269,100.2018802,Daerah: Perlis<br>No:302<br>Hex coord:(6;26),R130. Kangar. Perlis. Malaysia,8,6,5,4,5,5,5,5,5,5,4,3,2,2,1,1,0,2,2,2,2,2,2,2,2,2,2,2,2,2,0,92
6.314489,100.2154429,Daerah: Perlis<br>No:303<br>Hex coord:(7;26),Kampung Kepala Batas Pauh. Perlis. Malaysia,6,6,6,6,6,5,5,5,4,4,4,4,3,3,3,3,1,2,2,2,2,2,2,2,2,2,2,1,1,0,0,96
6.322269,100.2290056,Daerah: Perlis<br>No:304<br>Hex coord:(8;26),Kampung Kepala Batas Pauh. Perlis. Malaysia,6,6,6,5,3,3,3,3,3,3,3,3,1,1,1,1,1,1,3,3,3,2,2,2,2,2,2,4,4,3,3,88
6.306709,100.1747548,Daerah: Perlis<br>No:305<br>Hex coord:(4;27),Kangar. Perlis. Malaysia,11,11,11,11,11,11,11,10,6,5,3,2,1,1,1,1,0,7,8,5,5,5,5,5,5,3,3,3,3,3,2,169
6.298929,100.1883175,Daerah: Perlis<br>No:306<br>Hex coord:(5;27),Kampung Kepala Batas Pauh. Perlis. Malaysia,1,1,0,0,0,0,0,0,0,0,0,0,0,0,0,0,0,0,0,0,0,0,0,0,0,0,0,0,0,0,0,2
6.306709,100.2018802,Daerah: Perlis<br>No:307<br>Hex coord:(6;27),Kampung Kepala Batas Pauh. Perlis. Malaysia,8,8,8,8,5,5,5,5,5,5,5,5,5,5,5,5,4,7,17,17,17,17,17,12,9,7,7,3,3,3,1,233
6.291149,100.1747548,Daerah: Perlis<br>No:308<br>Hex coord:(4;28),Kampung Kepala Batas Pauh. Perlis. Malaysia,10,10,9,9,10,10,10,7,7,5,3,2,2,2,2,2,1,4,8,8,12,11,11,10,10,10,10,10,8,8,5,226
6.283369,100.1883175,Daerah: Perlis<br>No:309<br>Hex coord:(5;28),Kampung Kepala Batas Pauh. Perlis. Malaysia,4,4,3,3,3,3,3,3,0,0,0,0,0,0,0,0,0,0,0,0,0,0,0,0,0,0,0,0,0,0,0,26
6.291149,100.2018802,Daerah: Perlis<br>No:310<br>Hex coord:(6;28),Sungai Korok. Kangar. Perlis. Malaysia,9,9,7,7,8,8,8,8,7,7,4,4,3,3,3,3,3,3,5,2,2,2,2,1,1,0,0,0,0,0,0,119
6.267809,100.1883175,Daerah: Perlis<br>No:311<br>Hex coord:(5;29),Perlis. Malaysia,11,11,10,10,9,9,9,9,9,9,4,4,2,2,2,2,0,2,2,1,1,1,1,1,1,1,1,1,1,0,0,126
6.275589,100.2018802,Daerah: Perlis<br>No:312<br>Hex coord:(6;29),Kuala Sanglang. Perlis. Malaysia,9,9,7,7,8,8,6,6,4,3,3,3,3,2,2,2,2,5,5,5,5,5,7,7,5,5,5,4,4,2,2,150
6.260029,100.2018802,Daerah: Perlis<br>No:313<br>Hex coord:(6;30),Lorong 3. Arau. Perlis. Malaysia,27,27,26,26,29,29,29,28,24,23,21,21,16,14,12,12,8,15,26,26,32,30,27,24,24,21,21,21,17,17,13,686
