lat,lon,label,placename,20211001,20211002,20211003,20211004,20211005,20211006,20211007,20211008,20211009,20211010,20211011,20211012,20211013,20211014,20211015,20211016,20211017,20211018,20211019,20211020,20211021,20211022,20211023,20211024,20211025,20211026,20211027,20211028,20211029,20211030,20211031,total
5.57822,100.3515345,Daerah: Kuala Muda<br>No:x<br>Hex coord:(1;0),Kampung Hujung Tepi Sungai. Kedah. Malaysia,0,12,0,12,0,0,0,9,0,7,0,5,4,5,0,0,5,5,3,3,3,3,0,3,3,3,2,2,0,0,0,89
5.586,100.3650689,Daerah: Kuala Muda<br>No:x<br>Hex coord:(2;0),Kampung Permatang Kelompang. Kedah. Malaysia,0,11,0,6,0,0,0,5,0,5,0,1,1,1,0,0,0,0,0,0,0,0,0,0,0,0,6,6,6,6,6,60
5.57822,100.3786034,Daerah: Seberang Perai Utara<br>No:1<br>Hex coord:(3;0),Permatang Bendahari. Seberang Perai. Malaysia,0,2,0,1,0,0,0,4,0,4,0,5,5,5,0,0,5,5,5,2,2,2,0,1,1,1,1,1,0,0,0,52
5.57822,100.4056724,Daerah: Kuala Muda<br>No:x<br>Hex coord:(5;0),Sekolah Kebangsaan Rantau Panjang. Kedah. Malaysia,0,3,0,3,0,0,0,2,0,2,0,3,3,3,0,0,3,3,3,1,1,1,0,0,0,1,1,1,1,1,2,38
5.57044,100.3380001,Daerah: Seberang Perai Utara<br>No:x<br>Hex coord:(0;1),North Seberang Perai District. Seberang Perai. Malaysia,0,21,0,20,0,0,0,13,0,8,0,6,6,7,0,0,4,4,3,2,2,2,0,2,2,2,0,0,0,0,0,104
5.56266,100.3515345,Daerah: Seberang Perai Utara<br>No:2<br>Hex coord:(1;1),Kampung Bakau Tua. Seberang Perai. Malaysia,0,20,0,20,0,0,0,16,0,14,0,11,7,7,0,0,4,5,4,4,4,4,0,3,3,3,3,3,1,0,0,136
5.57044,100.3650689,Daerah: Seberang Perai Utara<br>No:3<br>Hex coord:(2;1),Pulau Mertajam. Seberang Perai. Malaysia,0,18,0,18,0,0,0,12,0,7,0,4,5,5,0,0,4,3,1,1,1,1,0,2,3,3,5,5,5,5,8,116
5.56266,100.3786034,Daerah: Seberang Perai Utara<br>No:4<br>Hex coord:(3;1),Kampung Permatang Kabu. Seberang Perai. Malaysia,0,3,0,2,0,0,0,1,0,1,0,1,4,4,0,0,4,4,3,3,3,3,0,3,0,0,0,0,0,0,0,39
5.57044,100.3921379,Daerah: Seberang Perai Utara<br>No:5<br>Hex coord:(4;1),Kampung Permatang Kabu. Seberang Perai. Malaysia,0,14,0,13,0,0,0,10,0,10,0,7,6,6,0,0,5,5,5,2,2,2,0,0,0,0,0,0,0,0,0,87
5.56266,100.4056724,Daerah: Seberang Perai Utara<br>No:6<br>Hex coord:(5;1),Taman Bongor Muda. 08600. Penang. Malaysia,0,5,0,3,0,0,0,2,0,3,0,3,3,2,0,0,2,2,2,2,1,1,0,1,0,0,0,0,0,0,0,32
5.57044,100.4192068,Daerah: Kuala Muda<br>No:x<br>Hex coord:(6;1),Kampung Sungai Korok. 08600. Kedah. Malaysia,0,1,0,0,0,0,0,5,0,9,0,9,9,9,0,0,9,9,9,5,1,1,0,1,0,0,0,0,0,0,0,77
5.56266,100.4327413,Daerah: Seberang Perai Utara<br>No:x<br>Hex coord:(7;1),Taman Bongor Muda. 08600. Penang. Malaysia,0,1,0,0,0,0,0,0,0,0,0,0,0,0,0,0,0,0,0,0,0,0,0,0,0,0,0,0,0,0,0,1
5.57044,100.4462758,Daerah: Kuala Muda<br>No:x<br>Hex coord:(8;1),Taman Seri Pekula 1. 08600. Kedah. Malaysia,0,2,0,1,0,0,0,1,0,1,0,1,1,1,0,0,0,0,0,0,0,0,0,0,0,0,0,0,0,0,1,9
5.56266,100.4598103,Daerah: Seberang Perai Utara<br>No:7<br>Hex coord:(9;1),Lahar Tiang. 08600. Penang. Malaysia,0,0,0,0,0,0,0,0,0,0,0,0,0,0,0,0,0,0,0,0,0,0,0,0,0,0,0,0,0,0,0,0
5.57044,100.4733447,Daerah: Kuala Muda<br>No:x<br>Hex coord:(10;1),Kampung Kepala Bukit. 08600. Kedah. Malaysia,0,0,0,0,0,0,0,0,0,0,0,0,0,0,0,0,0,0,0,0,0,0,0,0,0,0,0,0,0,0,0,0
5.56266,100.4868792,Daerah: Seberang Perai Utara<br>No:8<br>Hex coord:(11;1),Lahar Tiang. 08600. Penang. Malaysia,0,0,0,0,0,0,0,0,0,0,0,0,0,0,0,0,0,0,0,0,0,0,0,0,0,0,0,0,0,0,0,0
5.57044,100.5004137,Daerah: Kuala Muda<br>No:x<br>Hex coord:(12;1),Kuala Muda. Kedah. Malaysia,0,2,0,2,0,0,0,3,0,3,0,1,1,1,0,0,0,0,0,4,4,4,0,9,9,9,9,9,9,9,9,97
5.56266,100.5139482,Daerah: Kuala Muda<br>No:x<br>Hex coord:(13;1),Kampung Pantai Perai. Kedah. Malaysia,0,0,0,0,0,0,0,0,0,0,0,0,0,0,0,0,0,0,0,0,0,0,0,0,0,0,0,0,0,0,0,0
5.55488,100.3650689,Daerah: Seberang Perai Utara<br>No:9<br>Hex coord:(2;2),Jalan Pasir Gebu. Kota Kuala Muda. Seberang Perai Utara. Malaysia,0,1,0,1,0,0,0,4,0,5,0,5,5,5,0,0,3,3,3,2,2,1,0,0,0,0,0,0,0,0,1,41
5.5471,100.3786034,Daerah: Seberang Perai Utara<br>No:10<br>Hex coord:(3;2),Pusat Tuisyen Aura Berjaya. Jalan Penaga. Taman Penaga Permai. 13100 Penaga. Penang. Malaysia,0,3,0,2,0,0,0,3,0,4,0,4,4,4,0,0,4,4,2,2,2,1,0,3,3,3,3,3,3,3,5,65
5.55488,100.3921379,Daerah: Seberang Perai Utara<br>No:11<br>Hex coord:(4;2),P102. Kampung Permatang Kabu. 13100. Penang. Malaysia,0,11,0,6,0,0,0,1,0,1,0,1,1,1,0,0,0,0,0,0,0,0,0,1,1,1,1,1,1,1,1,30
5.5471,100.4056724,Daerah: Seberang Perai Utara<br>No:12<br>Hex coord:(5;2),Kampung Permatang Kabu. 13100. Penang. Malaysia,0,1,0,1,0,0,0,1,0,1,0,1,1,0,0,0,0,0,0,0,0,0,0,0,0,0,0,0,0,0,0,6
5.55488,100.4192068,Daerah: Seberang Perai Utara<br>No:13<br>Hex coord:(6;2),Durian Wenny Kg. Guar Kepah. 1421 Guar Kepah. 13200 Kepala Batas. Penang. Malaysia,0,1,0,1,0,0,0,3,0,3,0,2,2,2,0,0,0,0,0,0,0,0,0,0,0,0,0,0,0,0,0,14
5.5471,100.4327413,Daerah: Seberang Perai Utara<br>No:14<br>Hex coord:(7;2),Euan Auto Centre. Kepala Batas. Seberang Perai Utara. Malaysia,0,6,0,6,0,0,0,5,0,9,0,8,8,9,0,0,7,7,7,7,7,7,0,5,5,5,4,4,4,4,2,126
5.55488,100.4462758,Daerah: Seberang Perai Utara<br>No:15<br>Hex coord:(8;2),Permatang Tinggi Bakar Bata. 08600. Penang. Malaysia,0,6,0,6,0,0,0,7,0,7,0,2,2,2,0,0,1,1,1,4,4,4,0,5,5,5,4,4,4,4,1,79
5.5471,100.4598103,Daerah: Seberang Perai Utara<br>No:16<br>Hex coord:(9;2),Jalan Paya Keladi. Kepala Batas. Penang. Malaysia,0,6,0,6,0,0,0,9,0,9,0,9,7,4,0,0,2,2,1,1,1,1,0,1,1,1,0,0,0,0,1,62
5.55488,100.4733447,Daerah: Seberang Perai Utara<br>No:17<br>Hex coord:(10;2),Lahar Tiang. 08600. Penang. Malaysia,0,15,0,15,0,0,0,7,0,6,0,3,0,0,0,0,1,3,3,3,3,3,0,3,3,3,3,2,0,0,4,80
5.5471,100.4868792,Daerah: Seberang Perai Utara<br>No:18<br>Hex coord:(11;2),Pangkalan Udara JBPM Bertam. Kepala Batas. Penang. Malaysia,0,23,0,23,0,0,0,15,0,11,0,7,4,6,0,0,7,9,9,8,8,7,0,7,8,11,14,13,11,11,15,227
5.55488,100.5004137,Daerah: Seberang Perai Utara<br>No:19<br>Hex coord:(12;2),Pinang Tunggal. Seberang Perai. Malaysia,0,0,0,0,0,0,0,0,0,0,0,0,0,0,0,0,0,0,0,0,0,0,0,0,0,0,0,0,0,0,0,0
5.5471,100.5139482,Daerah: Seberang Perai Utara<br>No:20<br>Hex coord:(13;2),Kampung Lembah Raja. Seberang Perai. Malaysia,0,0,0,0,0,0,0,0,0,0,0,0,0,0,0,0,0,0,0,0,0,0,0,0,0,0,0,0,0,0,0,0
5.55488,100.5274826,Daerah: Kuala Muda<br>No:x<br>Hex coord:(14;2),Kampung Pantai Perai. Kedah. Malaysia,0,3,0,1,0,0,0,0,0,0,0,0,0,0,0,0,0,0,0,0,0,0,0,0,0,0,0,0,0,0,1,5
5.53932,100.3650689,Daerah: Seberang Perai Utara<br>No:x<br>Hex coord:(2;3),Kuala Sungai Tembus. 13100 Penaga. Penang. Malaysia,0,0,0,0,0,0,0,0,0,0,0,0,0,0,0,0,0,0,0,0,0,0,0,0,0,0,0,0,0,0,0,0
5.53154,100.3786034,Daerah: Seberang Perai Utara<br>No:21<br>Hex coord:(3;3),Taman Penaga Permai. 13100. Penang. Malaysia,0,77,0,65,0,0,0,63,0,64,0,59,56,49,0,0,39,37,31,24,16,13,0,25,26,29,29,29,27,25,28,811
5.53932,100.3921379,Daerah: Seberang Perai Utara<br>No:22<br>Hex coord:(4;3),Taman Penaga Permai. 13100. Penang. Malaysia,0,3,0,3,0,0,0,1,0,1,0,0,0,0,0,0,0,0,0,0,0,0,0,0,0,0,0,0,0,0,0,8
5.53154,100.4056724,Daerah: Seberang Perai Utara<br>No:23<br>Hex coord:(5;3),460 Jalan Permatang Kuang. 13100 Kepala Batas. Penang. Malaysia,0,6,0,6,0,0,0,9,0,9,0,8,8,8,0,0,4,4,4,4,4,4,0,9,9,9,9,8,8,8,8,146
5.53932,100.4192068,Daerah: Seberang Perai Utara<br>No:24<br>Hex coord:(6;3),Kampung Padang. 13200. Penang. Malaysia,0,9,0,9,0,0,0,5,0,8,0,8,8,8,0,0,5,6,5,4,4,1,0,4,4,4,4,4,4,4,11,119
5.53154,100.4327413,Daerah: Seberang Perai Utara<br>No:25<br>Hex coord:(7;3),Taman Bertam Indah. 13200 Kepala Batas. Penang. Malaysia,0,44,0,36,0,0,0,33,0,32,0,27,30,26,0,0,26,29,28,26,23,23,0,24,24,26,22,18,15,15,28,555
5.53932,100.4462758,Daerah: Seberang Perai Utara<br>No:26<br>Hex coord:(8;3),SK Paya Keladi. 13200 Kepala Batas. Penang. Malaysia,0,15,0,10,0,0,0,14,0,13,0,13,9,8,0,0,5,5,4,3,2,2,0,2,2,2,3,3,3,3,4,125
5.53154,100.4598103,Daerah: Seberang Perai Utara<br>No:27<br>Hex coord:(9;3),Paya Keladi Hujung. 13200. Penang. Malaysia,0,39,0,21,0,0,0,19,0,18,0,24,25,22,0,0,19,20,20,20,16,14,0,11,12,15,18,18,17,17,22,407
5.53932,100.4733447,Daerah: Seberang Perai Utara<br>No:28<br>Hex coord:(10;3),Bertam Perdana. 13200. Penang. Malaysia,0,69,0,59,0,0,0,47,0,37,0,33,41,44,0,0,36,39,36,40,34,30,0,38,34,41,40,39,38,37,42,854
5.53154,100.4868792,Daerah: Seberang Perai Utara<br>No:29<br>Hex coord:(11;3),Lahar Tiang. 13200. Penang. Malaysia,0,0,0,0,0,0,0,0,0,0,0,1,1,1,0,0,1,1,1,1,1,1,0,0,0,0,0,0,0,0,1,10
5.53932,100.5004137,Daerah: Seberang Perai Utara<br>No:30<br>Hex coord:(12;3),Kampung Padang Beka. Seberang Perai. Malaysia,0,0,0,0,0,0,0,0,0,0,0,0,0,0,0,0,0,0,0,0,0,0,0,0,0,0,0,0,0,0,0,0
5.53154,100.5139482,Daerah: Seberang Perai Utara<br>No:31<br>Hex coord:(13;3),Sungai Korok. 13300. Penang. Malaysia,0,14,0,14,0,0,0,13,0,13,0,8,3,2,0,0,2,2,2,2,2,2,0,2,2,2,1,0,0,0,0,86
5.53932,100.5274826,Daerah: Seberang Perai Utara<br>No:32<br>Hex coord:(14;3),North Seberang Perai District. 09400. Penang. Malaysia,0,3,0,3,0,0,0,4,0,1,0,1,1,1,0,0,0,0,0,0,0,0,0,0,0,0,0,0,0,0,0,14
5.52376,100.3650689,Daerah: Seberang Perai Utara<br>No:x<br>Hex coord:(2;4),Taman Bekah Indah. 13100. Penang. Malaysia,0,0,0,0,0,0,0,0,0,0,0,0,0,0,0,0,0,0,0,0,0,0,0,0,0,0,0,0,0,0,0,0
5.51598,100.3786034,Daerah: Seberang Perai Utara<br>No:33<br>Hex coord:(3;4),Taman Bekah Indah. 13100. Penang. Malaysia,0,8,0,6,0,0,0,8,0,9,0,8,8,7,0,0,3,3,3,2,0,0,0,7,8,8,8,8,8,8,11,131
5.52376,100.3921379,Daerah: Seberang Perai Utara<br>No:34<br>Hex coord:(4;4),Taman Penaga Permai. 13100. Penang. Malaysia,0,1,0,1,0,0,0,1,0,1,0,1,2,5,0,0,6,6,6,6,5,5,0,6,5,5,2,2,2,2,1,71
5.51598,100.4056724,Daerah: Seberang Perai Utara<br>No:35<br>Hex coord:(5;4),Taman Sepakat. 13100. Penang. Malaysia,0,12,0,9,0,0,0,11,0,8,0,12,12,12,0,0,10,11,11,9,9,8,0,5,4,5,5,5,4,4,3,169
5.52376,100.4192068,Daerah: Seberang Perai Utara<br>No:36<br>Hex coord:(6;4),Taliair Utama. Kepala Batas. Penang. Malaysia,0,13,0,10,0,0,0,7,0,6,0,5,4,2,0,0,2,2,2,2,2,2,0,3,2,2,2,2,2,2,2,76
5.51598,100.4327413,Daerah: Seberang Perai Utara<br>No:37<br>Hex coord:(7;4),Pusat Fesyen Ekonomi V Jaya. 13200 Kepala Batas. Penang. Malaysia,0,55,0,51,0,0,0,50,0,58,0,49,50,44,0,0,32,31,30,27,20,17,0,29,32,35,34,30,30,30,44,778
5.52376,100.4462758,Daerah: Seberang Perai Utara<br>No:38<br>Hex coord:(8;4),Penang Golf Resort. 1687 Jalan Tun Hamdan Sheikh Tahir. Bertam. 13200. Penang. Malaysia,0,15,0,15,0,0,0,16,0,14,0,5,5,5,0,0,4,4,4,4,4,4,0,7,7,6,5,3,3,3,5,138
5.51598,100.4598103,Daerah: Seberang Perai Utara<br>No:39<br>Hex coord:(9;4),Bertam. 13200. Penang. Malaysia,0,2,0,2,0,0,0,5,0,5,0,4,4,4,0,0,0,1,1,1,1,1,0,7,8,9,9,9,8,8,10,99
5.52376,100.4733447,Daerah: Seberang Perai Utara<br>No:40<br>Hex coord:(10;4),Giatmara Kepala Batas. Kepala Batas. Penang. Malaysia,0,35,0,29,0,0,0,32,0,37,0,40,41,43,0,0,32,32,31,30,25,24,0,23,27,32,30,30,27,24,33,657
5.51598,100.4868792,Daerah: Seberang Perai Utara<br>No:41<br>Hex coord:(11;4),SK Bertam Putra. Persiaran Perindustrian Bertam Perdana. Bandar Putra Bertam. 13200. Penang. Malaysia,0,65,0,47,0,0,0,43,0,42,0,40,42,40,0,0,32,34,29,23,19,14,0,11,7,12,17,17,15,15,31,595
5.52376,100.5004137,Daerah: Seberang Perai Utara<br>No:42<br>Hex coord:(12;4),Pokok Jenerih. 13300. Penang. Malaysia,0,7,0,5,0,0,0,3,0,2,0,3,3,3,0,0,3,4,4,4,4,4,0,3,3,2,4,3,2,2,8,76
5.51598,100.5139482,Daerah: Seberang Perai Utara<br>No:43<br>Hex coord:(13;4),Hock Eng Estate. Tasek Gelugor. Seberang Perai Utara. Malaysia,0,9,0,6,0,0,0,4,0,4,0,5,4,4,0,0,3,5,5,5,5,5,0,7,7,8,7,7,7,7,7,121
5.52376,100.5274826,Daerah: Kuala Muda<br>No:44<br>Hex coord:(14;4),3456 Lorong Serai Wangi 15/11. Padang Serai. Kedah. Malaysia,0,1,0,1,0,0,0,0,0,2,0,2,2,2,0,0,2,2,2,2,1,0,0,3,3,3,3,3,3,3,6,46
5.50042,100.3786034,Daerah: Seberang Perai Utara<br>No:45<br>Hex coord:(3;5),Titi Mukim. 13100. Penang. Malaysia,0,5,0,2,0,0,0,3,0,2,0,2,2,2,0,0,3,4,4,3,3,3,0,4,5,5,5,4,4,3,5,73
5.5082,100.3921379,Daerah: Seberang Perai Utara<br>No:46<br>Hex coord:(4;5),Titi Mukim. 13100. Penang. Malaysia,0,6,0,5,0,0,0,9,0,9,0,6,6,6,0,0,1,1,1,2,2,1,0,2,2,2,2,2,2,2,1,70
5.50042,100.4056724,Daerah: Seberang Perai Utara<br>No:47<br>Hex coord:(5;5),Masjid Al-Mubarak Permatang Bogak. Butterworth. Penang. Malaysia,0,6,0,6,0,0,0,4,0,6,0,6,4,4,0,0,4,4,4,4,4,1,0,4,4,4,4,4,4,4,3,88
5.5082,100.4192068,Daerah: Seberang Perai Utara<br>No:48<br>Hex coord:(6;5),Taman Sepakat. 13200. Penang. Malaysia,0,19,0,15,0,0,0,14,0,16,0,15,10,8,0,0,5,9,9,9,8,6,0,8,8,7,7,7,5,3,2,190
5.50042,100.4327413,Daerah: Seberang Perai Utara<br>No:49<br>Hex coord:(7;5),Lorong Seri Indah 7. Kepala Batas. Penang. Malaysia,0,56,0,51,0,0,0,25,0,20,0,19,23,24,0,0,19,21,16,17,17,15,0,17,17,13,19,17,14,13,14,447
5.5082,100.4462758,Daerah: Seberang Perai Utara<br>No:50<br>Hex coord:(8;5),Bertam. 13200. Penang. Malaysia,0,21,0,17,0,0,0,9,0,13,0,13,11,12,0,0,9,13,13,13,12,11,0,10,9,9,8,8,7,4,5,227
5.50042,100.4598103,Daerah: Seberang Perai Utara<br>No:51<br>Hex coord:(9;5),Kampung Tersusun Pongsu Seribu. 13200. Penang. Malaysia,0,0,0,0,0,0,0,0,0,0,0,1,1,1,0,0,1,1,1,1,1,1,0,0,0,1,1,1,1,1,1,15
5.5082,100.4733447,Daerah: Seberang Perai Utara<br>No:52<br>Hex coord:(10;5),Kampung Tok Bedu. 13200. Penang. Malaysia,0,6,0,5,0,0,0,4,0,4,0,6,5,5,0,0,5,5,5,5,4,4,0,2,3,4,4,4,4,3,4,91
5.50042,100.4868792,Daerah: Seberang Perai Utara<br>No:53<br>Hex coord:(11;5),Taman Sepadu Baru. 13300. Penang. Malaysia,0,16,0,12,0,0,0,8,0,6,0,5,6,6,0,0,6,6,6,9,9,9,0,8,9,9,9,8,8,8,12,175
5.5082,100.5004137,Daerah: Seberang Perai Utara<br>No:54<br>Hex coord:(12;5),Taman Sepadu Baru. 13300. Penang. Malaysia,0,23,0,11,0,0,0,10,0,7,0,10,12,12,0,0,10,14,14,13,12,12,0,16,16,18,18,18,16,16,18,296
5.50042,100.5139482,Daerah: Seberang Perai Utara<br>No:55<br>Hex coord:(13;5),Kampung Tasek. 13300. Penang. Malaysia,0,11,0,8,0,0,0,13,0,13,0,13,12,12,0,0,1,3,3,3,3,3,0,11,11,11,11,11,11,11,11,186
5.5082,100.5274826,Daerah: Seberang Perai Utara<br>No:56<br>Hex coord:(14;5),Kampung Baharu. 13300. Penang. Malaysia,0,43,0,31,0,0,0,31,0,30,0,28,22,22,0,0,17,14,13,15,15,14,0,8,9,16,15,15,15,14,18,405
5.48486,100.3786034,Daerah: Seberang Perai Utara<br>No:57<br>Hex coord:(3;6),Pekan Baru. 13050. Penang. Malaysia,0,30,0,24,0,0,0,26,0,26,0,22,18,16,0,0,9,9,8,9,8,8,0,13,11,11,14,14,14,14,11,315
5.49264,100.3921379,Daerah: Seberang Perai Utara<br>No:58<br>Hex coord:(4;6),Jalan Permatang Tok Gelam. 13050 Butterworth. Penang. Malaysia,0,8,0,6,0,0,0,7,0,6,0,5,6,3,0,0,3,3,2,5,5,4,0,4,5,5,5,5,5,5,4,101
5.48486,100.4056724,Daerah: Seberang Perai Utara<br>No:59<br>Hex coord:(5;6),Kampung Paya. 13050. Penang. Malaysia,0,11,0,11,0,0,0,10,0,9,0,6,6,5,0,0,5,5,4,6,6,6,0,8,10,10,13,13,13,13,16,186
5.49264,100.4192068,Daerah: Seberang Perai Utara<br>No:60<br>Hex coord:(6;6),Permatang Tiga. 13220. Penang. Malaysia,0,0,0,0,0,0,0,0,0,0,0,0,0,0,0,0,0,0,0,0,0,0,0,0,0,0,0,0,0,0,0,0
5.48486,100.4327413,Daerah: Seberang Perai Utara<br>No:61<br>Hex coord:(7;6),Kampung Telor. 13220. Penang. Malaysia,0,10,0,7,0,0,0,11,0,12,0,11,11,9,0,0,6,5,5,6,5,4,0,9,12,15,16,15,15,13,13,210
5.49264,100.4462758,Daerah: Seberang Perai Utara<br>No:62<br>Hex coord:(8;6),Taman Orkid Indah. 13220. Penang. Malaysia,0,37,0,27,0,0,0,16,0,21,0,20,21,20,0,0,17,20,16,16,14,12,0,11,9,10,10,10,10,7,7,331
5.48486,100.4598103,Daerah: Seberang Perai Utara<br>No:63<br>Hex coord:(9;6),Taman Desa Sena. 13220. Penang. Malaysia,0,28,0,27,0,0,0,21,0,15,0,12,12,7,0,0,10,9,9,10,9,9,0,9,9,12,14,11,11,11,20,275
5.49264,100.4733447,Daerah: Seberang Perai Utara<br>No:64<br>Hex coord:(10;6),Pokok Machang. 13300. Penang. Malaysia,0,3,0,1,0,0,0,2,0,3,0,3,3,3,0,0,1,1,1,1,1,0,0,1,3,3,3,3,3,3,5,47
5.48486,100.4868792,Daerah: Seberang Perai Utara<br>No:65<br>Hex coord:(11;6),Jalan Hashim Awang. 13300 Tasek Gelugor. Penang. Malaysia,0,59,0,50,0,0,0,46,0,44,0,31,35,41,0,0,34,36,35,37,36,32,0,31,27,25,16,16,16,14,16,677
5.49264,100.5004137,Daerah: Seberang Perai Utara<br>No:66<br>Hex coord:(12;6),Taman Sepadu Baru. 13300. Penang. Malaysia,0,42,0,38,0,0,0,27,0,27,0,25,31,31,0,0,31,31,31,32,27,25,0,33,29,28,32,25,24,23,25,617
5.48486,100.5139482,Daerah: Seberang Perai Utara<br>No:67<br>Hex coord:(13;6),Mayfield Estate. Tasek Gelugor. Seberang Perai Utara. Malaysia,0,43,0,6,0,0,0,3,0,3,0,3,3,1,0,0,1,1,1,1,1,1,0,1,1,1,1,0,0,0,0,72
5.49264,100.5274826,Daerah: Kulim<br>No:x<br>Hex coord:(14;6),Taman Lagenda. 13300. Kedah. Malaysia,0,50,0,13,0,0,0,8,0,6,0,6,7,5,0,0,3,5,5,5,5,5,0,4,4,4,5,4,4,2,12,162
5.4693,100.3786034,Daerah: Seberang Perai Utara<br>No:x<br>Hex coord:(3;7),Teluk Air Tawar. 13050. Penang. Malaysia,0,8,0,6,0,0,0,15,0,16,0,15,12,10,0,0,2,3,3,3,3,2,0,3,5,5,5,5,4,4,3,132
5.47708,100.3921379,Daerah: Seberang Perai Utara<br>No:68<br>Hex coord:(4;7),Taman Air Tawar Indah. 13050 Butterworth. Penang. Malaysia,0,19,0,16,0,0,0,19,0,18,0,18,16,15,0,0,11,11,11,11,10,9,0,10,10,12,12,12,12,12,9,273
5.4693,100.4056724,Daerah: Seberang Perai Utara<br>No:69<br>Hex coord:(5;7),UMNO Cawangan Pekan Darat. 1199 Jalan Pekan Darat. 13800 Butterworth. Penang. Malaysia,0,9,0,9,0,0,0,11,0,11,0,8,9,7,0,0,2,2,2,3,3,3,0,6,6,7,7,7,6,6,8,132
5.47708,100.4192068,Daerah: Seberang Perai Utara<br>No:70<br>Hex coord:(6;7),North�South Expressway. Pokok Simpor. 13220. Penang. Malaysia,0,1,0,1,0,0,0,6,0,6,0,6,6,5,0,0,3,0,0,0,0,0,0,0,0,0,1,1,1,1,1,39
5.4693,100.4327413,Daerah: Seberang Perai Utara<br>No:71<br>Hex coord:(7;7),Kampung Tobiar. 13220. Penang. Malaysia,0,5,0,5,0,0,0,4,0,4,0,2,0,2,0,0,2,2,2,2,2,2,0,7,7,7,6,6,6,6,6,85
5.47708,100.4462758,Daerah: Seberang Perai Utara<br>No:72<br>Hex coord:(8;7),Ara Rendang. 13220. Penang. Malaysia,0,5,0,5,0,0,0,3,0,3,0,3,3,3,0,0,9,9,9,9,8,8,0,14,14,13,13,6,6,6,6,155
5.4693,100.4598103,Daerah: Seberang Perai Utara<br>No:73<br>Hex coord:(9;7),Lubuk Meriam. 13220. Penang. Malaysia,0,17,0,15,0,0,0,8,0,9,0,8,7,7,0,0,7,7,7,7,6,6,0,4,4,1,1,1,1,1,1,125
5.47708,100.4733447,Daerah: Seberang Perai Utara<br>No:74<br>Hex coord:(10;7),Lahar Tambun. 13300. Penang. Malaysia,0,4,0,2,0,0,0,2,0,2,0,2,2,2,0,0,2,2,2,2,1,1,0,1,1,1,1,0,0,0,2,32
5.4693,100.4868792,Daerah: Seberang Perai Utara<br>No:75<br>Hex coord:(11;7),Taman Saga. 13300. Penang. Malaysia,0,8,0,8,0,0,0,21,0,18,0,18,18,18,0,0,11,11,7,9,7,6,0,6,6,6,7,4,4,4,3,200
5.47708,100.5004137,Daerah: Seberang Perai Utara<br>No:76<br>Hex coord:(12;7),Taman Haji Ahmad Jamil. 13300 Tasek Gelugor. Penang. Malaysia,0,59,0,47,0,0,0,34,0,34,0,24,27,33,0,0,33,37,35,37,34,33,0,32,30,30,23,18,17,14,15,646
5.4693,100.5139482,Daerah: Seberang Perai Utara<br>No:77<br>Hex coord:(13;7),Jalan Desa Rakyat. Tasek Gelugor. Penang. Malaysia,0,8,0,8,0,0,0,5,0,4,0,5,2,2,0,0,2,2,2,2,2,1,0,1,1,1,1,1,1,1,1,53
5.47708,100.5274826,Daerah: Seberang Perai Utara<br>No:x<br>Hex coord:(14;7),Ladang Eng Choon. Kulim. Malaysia,0,0,0,0,0,0,0,0,0,0,0,0,0,0,0,0,0,0,0,0,0,0,0,1,1,1,1,1,1,1,1,8
5.45374,100.3786034,Daerah: Seberang Perai Utara<br>No:x<br>Hex coord:(3;8),Bagan Lebai Tahir. 13000. Penang. Malaysia,0,24,0,16,0,0,0,12,0,12,0,10,9,9,0,0,7,8,8,9,5,4,0,4,7,8,8,8,6,6,9,189
5.46152,100.3921379,Daerah: Seberang Perai Utara<br>No:78<br>Hex coord:(4;8),Butterworth Air Force Base. Tingkat Pahlawan 10. Teluk Air Tawar. 13050. Penang. Malaysia,0,8,0,6,0,0,0,12,0,13,0,13,17,17,0,0,9,6,6,6,4,4,0,4,5,2,2,2,1,1,1,139
5.45374,100.4056724,Daerah: Seberang Perai Utara<br>No:79<br>Hex coord:(5;8),Kampung Alor Merah. 13800. Penang. Malaysia,0,31,0,25,0,0,0,27,0,25,0,21,21,22,0,0,16,14,12,12,10,10,0,8,6,6,5,4,4,1,2,282
5.46152,100.4192068,Daerah: Seberang Perai Utara<br>No:80<br>Hex coord:(6;8),North�South Expressway. Kampung Tok Rai. 13800. Penang. Malaysia,0,6,0,4,0,0,0,5,0,5,0,2,6,6,0,0,4,4,4,4,4,4,0,4,3,0,0,0,0,0,0,65
5.45374,100.4327413,Daerah: Seberang Perai Utara<br>No:81<br>Hex coord:(7;8),Sungai Dua Water Treatment Plant. Lorong Merbau Indah 5. Sungai Dua. 13800. Penang. Malaysia,0,21,0,19,0,0,0,20,0,14,0,18,16,14,0,0,11,11,11,11,11,10,0,5,6,5,5,4,4,4,8,228
5.46152,100.4462758,Daerah: Seberang Perai Utara<br>No:82<br>Hex coord:(8;8),Jalan Pokok Sena. Tasek Gelugor. Seberang Perai Utara. Malaysia,0,16,0,13,0,0,0,2,0,2,0,2,3,5,0,0,5,6,5,4,4,4,0,8,7,7,5,5,5,4,5,117
5.45374,100.4598103,Daerah: Seberang Perai Utara<br>No:83<br>Hex coord:(9;8),Sungai Tongkat. Tasek Gelugor. Seberang Perai Utara. Malaysia,0,1,0,1,0,0,0,1,0,1,0,1,1,1,0,0,0,0,0,0,0,0,0,0,0,0,0,0,0,0,0,7
5.46152,100.4733447,Daerah: Seberang Perai Utara<br>No:84<br>Hex coord:(10;8),Padang Tonson. 13300. Penang. Malaysia,0,6,0,3,0,0,0,6,0,6,0,6,6,6,0,0,3,3,3,4,4,4,0,4,2,3,3,3,3,3,2,83
5.45374,100.4868792,Daerah: Seberang Perai Utara<br>No:85<br>Hex coord:(11;8),P127. Bukit Mertajam. Penang. Malaysia,0,13,0,13,0,0,0,18,0,16,0,10,10,10,0,0,9,9,9,5,4,3,0,4,1,2,2,2,2,2,2,146
5.46152,100.5004137,Daerah: Seberang Perai Utara<br>No:86<br>Hex coord:(12;8),Taman Saga. 13300. Penang. Malaysia,0,13,0,13,0,0,0,13,0,13,0,15,15,17,0,0,11,11,11,15,11,11,0,9,8,8,6,6,6,6,6,224
5.45374,100.5139482,Daerah: Lunas<br>No:87<br>Hex coord:(13;8),Institut Kemahiran MARA Seberang Perai Utara. Lot 398 Jalan Ara Kuda. 13300 Lunas. Kedah. Malaysia,0,0,0,0,0,0,0,0,0,0,0,0,0,0,0,0,0,0,0,0,0,0,0,0,0,0,0,0,0,0,0,0
5.46152,100.5274826,Daerah: Kulim<br>No:x<br>Hex coord:(14;8),Ladang Wellesley. Kulim. Kedah. Malaysia,0,0,0,0,0,0,0,0,0,0,0,0,0,0,0,0,0,0,0,0,0,0,0,0,0,0,0,0,0,0,0,0
5.43818,100.3786034,Daerah: Seberang Perai Utara<br>No:88<br>Hex coord:(3;9),1816 Taman Pantai Intan. Bagan Ajam. 13000 Butterworth. Penang. Malaysia,0,49,0,43,0,0,0,34,0,34,0,31,37,38,0,0,37,39,33,35,31,28,0,33,32,33,32,31,31,29,31,721
5.44596,100.3921379,Daerah: Seberang Perai Utara<br>No:89<br>Hex coord:(4;9),Sungai Puyu. Butterworth Outer Ring Road. Sungai Puyu. 13020 Butterworth. Penang. Malaysia,0,75,0,61,0,0,0,83,0,88,0,81,95,95,0,0,81,88,77,73,68,57,0,72,72,66,63,54,47,46,54,1496
5.43818,100.4056724,Daerah: Seberang Perai Utara<br>No:90<br>Hex coord:(5;9),Kampung Tok Sani. 13400. Penang. Malaysia,0,43,0,41,0,0,0,22,0,27,0,22,25,23,0,0,21,25,24,25,25,19,0,14,12,11,12,11,7,7,14,430
5.44596,100.4192068,Daerah: Seberang Perai Utara<br>No:91<br>Hex coord:(6;9),581 Kampung Teluk. Jalan Sungai Dua. 13800 Butterworth. Penang. Malaysia,0,46,0,44,0,0,0,31,0,28,0,23,21,17,0,0,16,18,15,14,14,12,0,8,8,6,8,8,8,5,9,359
5.43818,100.4327413,Daerah: Seberang Perai Utara<br>No:92<br>Hex coord:(7;9),Taman Desa Murni. 13800 Butterworth. Penang. Malaysia,0,97,0,81,0,0,0,86,0,67,0,74,79,72,0,0,52,53,49,55,49,47,0,46,43,43,42,38,37,35,34,1179
5.44596,100.4733447,Daerah: Seberang Perai Utara<br>No:93<br>Hex coord:(10;9),Jalan Padang Menora. Kampung Guar Petai. 14400. Penang. Malaysia,0,17,0,14,0,0,0,17,0,14,0,8,10,10,0,0,6,6,6,6,5,5,0,6,2,2,2,2,2,2,2,144
5.43818,100.4868792,Daerah: Seberang Perai Utara<br>No:94<br>Hex coord:(11;9),Frog Lake. P116. Kampung Guar Petai. 14400 Bukit Mertajam. Penang. Malaysia,0,1,0,1,0,0,0,0,0,0,0,0,0,0,0,0,0,0,0,0,0,0,0,0,0,0,0,0,0,0,0,2
5.44596,100.5004137,Daerah: Seberang Perai Utara<br>No:95<br>Hex coord:(12;9),Kampung Guar Petai. 13300. Penang. Malaysia,0,0,0,0,0,0,0,0,0,0,0,0,0,0,0,0,0,0,0,0,0,0,0,0,0,0,0,0,0,0,0,0
5.43818,100.5139482,Daerah: Lunas<br>No:96<br>Hex coord:(13;9),Institut Kemahiran MARA Seberang Perai Utara. Lot 398 Jalan Ara Kuda. 13300 Lunas. Kedah. Malaysia,0,19,0,17,0,0,0,22,0,20,0,14,18,17,0,0,12,10,9,9,7,7,0,7,7,9,9,9,9,7,7,245
5.44596,100.5274826,Daerah: Lunas<br>No:x<br>Hex coord:(14;9),Bandar Permata Lunas. Lunas. Kedah. Malaysia,0,13,0,7,0,0,0,9,0,11,0,7,7,7,0,0,3,3,3,3,2,0,0,0,0,0,0,0,0,0,1,76
5.42262,100.3786034,Daerah: Seberang Perai Utara<br>No:97<br>Hex coord:(3;10),Medan Riang. Taman Riang 12200 Butterworth. Penang. Malaysia,0,65,0,49,0,0,0,144,0,156,0,159,160,161,0,0,158,62,57,61,51,43,0,41,40,42,39,34,28,26,28,1604
5.4304,100.3921379,Daerah: Seberang Perai Utara<br>No:98<br>Hex coord:(4;10),Royaltea. 2 Lorong Mesra Permai 6. 13400 Butterworth. Penang. Malaysia,0,135,0,118,0,0,0,100,0,115,0,93,100,96,0,0,84,85,75,79,70,53,0,50,42,43,43,40,31,24,33,1509
5.41484,100.3650689,Daerah: Seberang Perai Utara<br>No:99<br>Hex coord:(2;11),North Butterwoth Container Terminal. Butterworth. Penang. Malaysia,0,25,0,19,0,0,0,16,0,15,0,12,6,6,0,0,4,4,2,3,3,2,0,3,2,2,2,2,2,2,3,135
5.40706,100.3786034,Daerah: Seberang Perai Utara<br>No:100<br>Hex coord:(3;11),Sungai Nyior. 12000. Penang. Malaysia,0,123,0,102,0,0,0,90,0,87,0,69,75,71,0,0,60,56,50,50,45,37,0,51,29,35,33,29,27,25,24,1168
5.41484,100.3921379,Daerah: Seberang Perai Utara<br>No:101<br>Hex coord:(4;11),Mak Mandin Industrial Area. 12300 Butterworth. Penang. Malaysia,0,49,0,22,0,0,0,23,0,19,0,18,16,12,0,0,11,9,8,9,8,6,0,6,6,4,4,4,4,3,3,244
5.39928,100.3650689,Daerah: Seberang Perai Utara<br>No:102<br>Hex coord:(2;12),Malaysia Smelting Corporation Berhad. Jalan Pantai. Butterworth. Penang. Malaysia,0,47,0,44,0,0,0,24,0,22,0,16,18,17,0,0,13,14,14,11,10,10,0,9,6,9,8,8,7,6,9,322
5.44596,100.4462758,Daerah: Seberang Perai Tengah<br>No:1<br>Hex coord:(8;9),Kampung Kota. 13800. Penang. Malaysia,0,1,0,1,0,0,0,3,0,3,0,3,3,3,0,0,1,1,1,1,1,1,0,1,1,0,0,0,0,0,0,25
5.43818,100.4598103,Daerah: Seberang Perai Tengah<br>No:2<br>Hex coord:(9;9),North Seberang Perai District. 14400. Penang. Malaysia,0,1,0,1,0,0,0,0,0,0,0,1,1,1,0,0,1,1,1,1,1,1,0,0,0,0,0,0,0,0,0,11
5.42262,100.4056724,Daerah: Seberang Perai Tengah<br>No:3<br>Hex coord:(5;10),Kampong Tanjong Putus. 13400. Penang. Malaysia,0,25,0,21,0,0,0,11,0,12,0,11,11,11,0,0,10,5,5,5,4,4,0,10,11,12,12,11,11,10,14,226
5.4304,100.4192068,Daerah: Seberang Perai Tengah<br>No:4<br>Hex coord:(6;10),Sungai Sintok. Permatang Pauh. Seberang Perai Tengah. Malaysia,0,0,0,0,0,0,0,0,0,0,0,1,1,1,0,0,1,2,2,2,2,2,0,1,1,1,1,1,1,0,0,20
5.42262,100.4327413,Daerah: Seberang Perai Tengah<br>No:5<br>Hex coord:(7;10),Permatang Pasir. 13500. Penang. Malaysia,0,16,0,12,0,0,0,13,0,10,0,11,8,9,0,0,10,11,6,6,6,5,0,4,4,4,4,3,2,2,3,149
5.4304,100.4462758,Daerah: Seberang Perai Tengah<br>No:6<br>Hex coord:(8;10),Permatang Pasir. 14400. Penang. Malaysia,0,1,0,1,0,0,0,0,0,0,0,1,1,1,0,0,1,1,1,1,1,1,0,0,0,0,0,0,0,0,0,11
5.42262,100.4598103,Daerah: Seberang Perai Tengah<br>No:7<br>Hex coord:(9;10),Kampung Padang Tembusu. 14400. Penang. Malaysia,0,23,0,20,0,0,0,16,0,10,0,11,11,11,0,0,8,8,8,4,4,4,0,4,4,8,12,12,12,12,13,215
5.4304,100.4733447,Daerah: Seberang Perai Tengah<br>No:8<br>Hex coord:(10;10),Pusat Khidmat Ahli Parlimen Permatang Pauh P044. Lot 1612 Jalan Guar Perahu. 14400 Bukit Mertajam. Penang. Malaysia,0,55,0,40,0,0,0,56,0,55,0,39,38,38,0,0,26,29,26,17,17,11,0,9,10,12,14,14,11,8,15,540
5.42262,100.4868792,Daerah: Seberang Perai Tengah<br>No:9<br>Hex coord:(11;10),Taman Mengkuang Indah. 14400. Penang. Malaysia,0,28,0,27,0,0,0,21,0,20,0,17,16,12,0,0,9,11,9,9,7,7,0,7,9,9,9,8,8,7,6,256
5.4304,100.5004137,Daerah: Seberang Perai Tengah<br>No:10<br>Hex coord:(12;10),Huap Kean Choong Estate. Lunas. Kulim. Malaysia,0,0,0,0,0,0,0,0,0,0,0,0,0,0,0,0,0,0,0,0,0,0,0,0,0,0,0,0,0,0,0,0
5.42262,100.5139482,Daerah: Seberang Perai Tengah<br>No:11<br>Hex coord:(13;10),Kampung Telok Wang. 09000. Penang. Malaysia,0,0,0,0,0,0,0,0,0,0,0,0,0,0,0,0,0,0,0,0,0,0,0,0,0,0,0,0,0,0,0,0
5.4304,100.5274826,Daerah: Kulim<br>No:x<br>Hex coord:(14;10),Taman Desa Sentosa. 09600. Kedah. Malaysia,0,40,0,25,0,0,0,44,0,40,0,34,31,29,0,0,11,4,4,4,3,3,0,5,8,9,9,9,8,7,8,335
5.40706,100.4056724,Daerah: Seberang Perai Tengah<br>No:12<br>Hex coord:(5;11),River Tropics Condominium. Seberang Jaya. Penang. Malaysia,0,62,0,50,0,0,0,44,0,39,0,30,29,27,0,0,11,16,15,18,18,18,0,27,30,34,35,33,27,26,35,624
5.41484,100.4192068,Daerah: Seberang Perai Tengah<br>No:13<br>Hex coord:(6;11),Permatang Pasir. 13500. Penang. Malaysia,0,24,0,23,0,0,0,20,0,19,0,17,19,20,0,0,14,10,10,12,12,11,0,12,13,15,14,13,9,9,13,309
5.40706,100.4327413,Daerah: Seberang Perai Tengah<br>No:14<br>Hex coord:(7;11),Permatang Pasir. 13500. Penang. Malaysia,0,6,0,5,0,0,0,2,0,2,0,2,3,3,0,0,3,4,4,4,4,4,0,4,4,5,5,5,3,3,3,78
5.41484,100.4462758,Daerah: Seberang Perai Tengah<br>No:15<br>Hex coord:(8;11),Permatang Pasir. 14400. Penang. Malaysia,0,40,0,32,0,0,0,24,0,11,0,10,10,10,0,0,9,15,15,15,15,15,0,14,19,23,26,25,23,19,19,389
5.40706,100.4598103,Daerah: Seberang Perai Tengah<br>No:16<br>Hex coord:(9;11),Kampung Petani. 14400. Penang. Malaysia,0,18,0,18,0,0,0,13,0,12,0,11,13,10,0,0,13,15,15,13,11,11,0,21,20,20,20,17,16,12,16,315
5.41484,100.4733447,Daerah: Seberang Perai Tengah<br>No:17<br>Hex coord:(10;11),Bukit Gua Ipoh. Bukit Mertajam. Seberang Perai Tengah. Malaysia,0,5,0,5,0,0,0,4,0,1,0,1,1,1,0,0,1,1,1,1,1,1,0,0,1,1,1,1,1,1,2,32
5.40706,100.4868792,Daerah: Seberang Perai Tengah<br>No:18<br>Hex coord:(11;11),Jalan Mengkuang. Taman Mengkuang Indah. 14400 Bukit Mertajam. Penang. Malaysia,0,39,0,35,0,0,0,28,0,15,0,15,15,10,0,0,8,10,9,11,11,11,0,12,12,11,15,14,12,10,10,313
5.41484,100.5004137,Daerah: Seberang Perai Tengah<br>No:19<br>Hex coord:(12;11),Ladang Bukit Langkap. Bukit Mertajam. Seberang Perai Tengah. Malaysia,0,7,0,7,0,0,0,2,0,2,0,0,0,0,0,0,0,0,0,0,0,0,0,2,2,2,2,2,2,2,2,34
5.40706,100.5139482,Daerah: Seberang Perai Tengah<br>No:20<br>Hex coord:(13;11),Ladang Ken Tong Ung. Seberang Perai Tengah. Malaysia,0,0,0,0,0,0,0,0,0,0,0,0,0,0,0,0,0,0,0,0,0,0,0,0,0,0,0,0,0,0,0,0
5.41484,100.5274826,Daerah: Seberang Perai Utara<br>No:x<br>Hex coord:(14;11),Butterworth Kulim Expressway. Kampung Telok Wang. 09000. Penang. Malaysia,0,0,0,0,0,0,0,0,0,0,0,0,0,0,0,0,0,0,0,0,0,0,0,0,0,0,0,0,0,0,0,0
5.3915,100.3786034,Daerah: Seberang Perai Tengah<br>No:21<br>Hex coord:(3;12),Taman Perai Utama. Butterworth. Penang. Malaysia,0,46,0,37,0,0,0,32,0,31,0,24,43,43,0,0,35,37,37,35,33,30,0,31,9,10,9,9,7,6,15,559
5.39928,100.3921379,Daerah: Seberang Perai Tengah<br>No:22<br>Hex coord:(4;12),Lorong Jelawat 2. Seberang Jaya Industrial Area. Butterworth. Penang. Malaysia,0,16,0,9,0,0,0,14,0,13,0,15,16,15,0,0,11,12,9,9,8,8,0,13,11,13,13,13,12,10,23,263
5.3915,100.4056724,Daerah: Seberang Perai Tengah<br>No:23<br>Hex coord:(5;12),Pangsapuri B3. Seberang Jaya. Seberang Perai Tengah. Malaysia,0,86,0,62,0,0,0,53,0,54,0,50,46,41,0,0,28,32,24,24,24,18,0,18,23,23,23,22,18,18,26,713
5.39928,100.4192068,Daerah: Seberang Perai Tengah<br>No:24<br>Hex coord:(6;12),Permatang Janggus. 13500. Penang. Malaysia,0,43,0,36,0,0,0,25,0,15,0,6,6,7,0,0,4,7,6,10,10,10,0,12,12,13,14,14,13,11,17,291
5.3915,100.4327413,Daerah: Seberang Perai Tengah<br>No:25<br>Hex coord:(7;12),Sungai Hutan Nibung. Bukit Mertajam. Seberang Perai Tengah. Malaysia,0,1,0,0,0,0,0,0,0,0,0,0,0,0,0,0,0,0,0,0,0,0,0,0,0,0,0,0,0,0,0,1
5.39928,100.4462758,Daerah: Seberang Perai Tengah<br>No:26<br>Hex coord:(8;12),Butterworth Kulim Expressway. Permatang Pasir. 13500. Penang. Malaysia,0,5,0,4,0,0,0,3,0,3,0,6,6,6,0,0,4,4,4,4,4,4,0,1,1,1,1,0,0,0,0,61
5.3915,100.4598103,Daerah: Seberang Perai Tengah<br>No:27<br>Hex coord:(9;12),Parit Tepi TNB. Bukit Mertajam. Penang. Malaysia,0,29,0,29,0,0,0,22,0,20,0,18,10,9,0,0,9,11,11,11,10,10,0,10,9,12,12,12,10,10,12,286
5.39928,100.4733447,Daerah: Seberang Perai Tengah<br>No:28<br>Hex coord:(10;12),Payung Sejahtera. 1593 Jalan Abdul Kadir. 14000 Bukit Mertajam. Penang. Malaysia,0,7,0,7,0,0,0,7,0,10,0,10,10,10,0,0,10,10,7,7,7,7,0,7,7,9,9,9,7,7,4,168
5.3915,100.4868792,Daerah: Seberang Perai Tengah<br>No:29<br>Hex coord:(11;12),Hock Teik Cheng Sin Berapit Cemetery ??????. Bukit Mertajam. Penang. Malaysia,0,2,0,1,0,0,0,1,0,1,0,1,1,1,0,0,0,1,1,1,1,1,0,1,1,1,1,1,1,1,1,21
5.39928,100.5004137,Daerah: Seberang Perai Tengah<br>No:30<br>Hex coord:(12;12),Taman Seri Akasia. 09000. Penang. Malaysia,0,11,0,9,0,0,0,3,0,3,0,4,4,7,0,0,5,5,5,7,7,7,0,7,7,8,6,6,6,6,7,130
5.3915,100.5139482,Daerah: Seberang Perai Tengah<br>No:31<br>Hex coord:(13;12),Arch Perkampungan Sungai Lembu ???????. Kulim. Malaysia,0,0,0,0,0,0,0,0,0,0,0,0,0,0,0,0,0,0,0,0,0,0,0,0,0,0,0,0,0,0,0,0
5.39928,100.5274826,Daerah: Seberang Perai Utara<br>No:x<br>Hex coord:(14;12),Paya Tok Chagar. Kulim. Malaysia,0,0,0,0,0,0,0,0,0,0,0,0,0,0,0,0,0,0,0,0,0,0,0,0,0,0,0,0,0,0,0,0
5.38372,100.3650689,Daerah: Seberang Perai Tengah<br>No:x<br>Hex coord:(2;13),Kuala Perai. Butterworth. Seberang Perai Utara. Malaysia,0,0,0,0,0,0,0,0,0,0,0,0,0,0,0,0,0,0,0,0,0,0,0,0,0,0,0,0,0,0,0,0
5.37594,100.3786034,Daerah: Seberang Perai Tengah<br>No:32<br>Hex coord:(3;13),Prai. 13600. Penang. Malaysia,0,2,0,2,0,0,0,1,0,1,0,1,0,0,0,0,0,0,0,0,0,0,0,0,0,0,0,0,0,0,0,7
5.38372,100.3921379,Daerah: Seberang Perai Tengah<br>No:33<br>Hex coord:(4;13),Hong Leong Bank. Lebuh Kurau 1. Prai. 13700 Perai. Penang. Malaysia,0,66,0,45,0,0,0,38,0,37,0,35,30,24,0,0,20,19,19,24,23,22,0,29,33,33,35,35,33,25,29,654
5.37594,100.4056724,Daerah: Seberang Perai Tengah<br>No:34<br>Hex coord:(5;13),Tiles City. Lorong Irama 1. Prai. 13600 Perai. Penang. Malaysia,0,84,0,69,0,0,0,66,0,68,0,55,51,45,0,0,30,36,34,34,32,24,0,26,28,30,30,28,23,18,41,852
5.38372,100.4192068,Daerah: Seberang Perai Tengah<br>No:35<br>Hex coord:(6;13),Jalan Permatang Pauh. Kampung Pertama. 13500 Permatang Pauh. Penang. Malaysia,0,71,0,67,0,0,0,50,0,39,0,26,28,26,0,0,21,22,20,22,17,15,0,19,18,17,19,19,16,16,30,578
5.37594,100.4327413,Daerah: Seberang Perai Tengah<br>No:36<br>Hex coord:(7;13),Bukit Tengah. 13500. Penang. Malaysia,0,34,0,34,0,0,0,27,0,27,0,32,30,30,0,0,27,28,28,28,28,27,0,29,29,33,35,35,34,34,36,645
5.38372,100.4462758,Daerah: Seberang Perai Tengah<br>No:37<br>Hex coord:(8;13),Taman Tan Sai Gin. 13500. Penang. Malaysia,0,1,0,1,0,0,0,1,0,1,0,1,1,1,0,0,1,1,1,1,1,1,0,1,0,0,0,0,0,0,0,14
5.37594,100.4598103,Daerah: Seberang Perai Tengah<br>No:38<br>Hex coord:(9;13),Sekolah Islam Al-Masriyah (SABK). 1267 Jalan Abdul Kadir. 14000 Bukit Mertajam. Penang. Malaysia,0,10,0,7,0,0,0,10,0,18,0,17,17,16,0,0,16,16,15,18,17,10,0,10,11,11,11,10,9,7,4,260
5.38372,100.4733447,Daerah: Seberang Perai Tengah<br>No:39<br>Hex coord:(10;13),Taman Berapit Indah. 14400. Penang. Malaysia,0,36,0,32,0,0,0,18,0,19,0,13,13,14,0,0,10,12,12,8,6,4,0,6,7,7,6,5,4,4,6,242
5.37594,100.4868792,Daerah: Seberang Perai Tengah<br>No:40<br>Hex coord:(11;13),Cherok To'kun. 14400. Penang. Malaysia,0,0,0,0,0,0,0,0,0,0,0,0,0,0,0,0,0,0,0,0,0,0,0,0,0,0,0,0,0,0,0,0
5.38372,100.5004137,Daerah: Seberang Perai Tengah<br>No:41<br>Hex coord:(12;13),Mengkuang Reservoir. Jalan Berapit. Taman Mutiara Jaya. 09000. Penang. Malaysia,0,0,0,0,0,0,0,0,0,0,0,0,0,0,0,0,0,0,0,0,0,0,0,0,0,0,0,0,0,0,0,0
5.37594,100.5139482,Daerah: Seberang Perai Tengah<br>No:42<br>Hex coord:(13;13),Blissful Memorial Park. Kulim. Malaysia,0,1,0,1,0,0,0,1,0,0,0,0,0,0,0,0,0,0,0,0,0,0,0,0,0,0,0,0,0,0,0,3
5.38372,100.5274826,Daerah: Kulim<br>No:x<br>Hex coord:(14;13),Jl. Ara 7. Kulim. Kedah. Malaysia,0,25,0,17,0,0,0,19,0,21,0,22,32,40,0,0,35,33,32,29,23,23,0,24,15,13,7,7,6,5,9,437
5.36038,100.3786034,Daerah: Seberang Perai Tengah<br>No:x<br>Hex coord:(3;14),Prai. 13600. Penang. Malaysia,0,0,0,0,0,0,0,0,0,0,0,0,0,0,0,0,0,0,0,0,0,0,0,0,0,0,0,0,0,0,0,0
5.36816,100.3921379,Daerah: Seberang Perai Tengah<br>No:43<br>Hex coord:(4;14),NSTP. Jalan Perusahaan. Prai. 13600 Perai. Penang. Malaysia,0,1,0,0,0,0,0,0,0,0,0,0,0,0,0,0,0,0,0,0,0,0,0,0,0,1,1,1,1,1,1,7
5.36038,100.4056724,Daerah: Seberang Perai Tengah<br>No:44<br>Hex coord:(5;14),Jalan Perusahaan. Perai,0,18,0,11,0,0,0,3,0,3,0,3,1,1,0,0,2,1,1,1,1,1,0,1,1,1,1,0,0,0,0,51
5.36816,100.4192068,Daerah: Seberang Perai Tengah<br>No:45<br>Hex coord:(6;14),Kampung Tersusun Jalan Pauh. Bukit Mertajam. Penang. Malaysia,0,72,0,61,0,0,0,56,0,62,0,63,69,62,0,0,51,53,43,41,36,32,0,33,37,32,32,32,26,24,32,949
5.36038,100.4327413,Daerah: Seberang Perai Tengah<br>No:46<br>Hex coord:(7;14),Kampung Siam. 13600. Penang. Malaysia,0,50,0,39,0,0,0,34,0,44,0,44,46,47,0,0,43,45,45,45,35,28,0,29,30,35,32,28,25,22,22,768
5.36816,100.4462758,Daerah: Seberang Perai Tengah<br>No:47<br>Hex coord:(8;14),Ren Ci Global Village Sdn. Bhd. Bukit Mertajam. Penang. Malaysia,0,42,0,39,0,0,0,40,0,40,0,42,51,53,0,0,41,45,43,45,40,39,0,38,29,29,26,24,19,17,16,758
5.36038,100.4598103,Daerah: Seberang Perai Tengah<br>No:48<br>Hex coord:(9;14),440 Jalan Chan Ewe Pin. 14000 Bukit Mertajam. Penang. Malaysia,0,80,0,75,0,0,0,46,0,47,0,30,28,26,0,0,24,29,26,23,20,18,0,28,28,28,27,26,22,20,20,671
5.36816,100.4733447,Daerah: Seberang Perai Tengah<br>No:49<br>Hex coord:(10;14),Kampung Besar. 14000. Penang. Malaysia,0,5,0,5,0,0,0,2,0,2,0,4,4,3,0,0,3,4,4,4,4,4,0,2,2,2,2,2,1,1,1,61
5.36038,100.4868792,Daerah: Seberang Perai Tengah<br>No:50<br>Hex coord:(11;14),Ladang Saint Annes. Bukit Mertajam. Seberang Perai Tengah. Malaysia,0,4,0,3,0,0,0,0,0,0,0,0,0,0,0,0,0,2,2,2,2,2,0,2,3,3,3,3,1,1,1,34
5.36816,100.5004137,Daerah: Seberang Perai Tengah<br>No:51<br>Hex coord:(12;14),Bukit Mertajam Recreational Forest. Bukit Mertajam. Seberang Perai Tengah. Malaysia,0,0,0,0,0,0,0,0,0,0,0,0,0,0,0,0,0,0,0,0,0,0,0,0,0,0,0,0,0,0,0,0
5.36038,100.5139482,Daerah: Seberang Perai Tengah<br>No:52<br>Hex coord:(13;14),Kampung Pulau Pisang. 14020. Penang. Malaysia,0,5,0,5,0,0,0,5,0,5,0,1,1,1,0,0,0,0,0,0,0,0,0,0,0,0,0,0,0,0,0,23
5.36816,100.5274826,Daerah: Kulim<br>No:x<br>Hex coord:(14;14),Lor. Angsana 17/2. 09000 Kulim. Kedah. Malaysia,0,53,0,44,0,0,0,61,0,54,0,49,47,34,0,0,23,22,17,18,15,11,0,11,12,16,16,15,15,10,13,556
5.3526,100.3921379,Daerah: Seberang Perai Tengah<br>No:53<br>Hex coord:(4;15),Jalan Perusahaan Maju 4 574. 13600 Perai,0,1,0,1,0,0,0,0,0,0,0,0,0,0,0,0,0,0,0,0,0,0,0,0,0,0,0,0,0,0,0,2
5.34482,100.4056724,Daerah: Seberang Perai Tengah<br>No:54<br>Hex coord:(5;15),Lorong Perusahaan 8. Prai Industrial Estate. 13600 Perai. Penang. Malaysia,0,1,0,1,0,0,0,0,0,0,0,0,0,0,0,0,0,0,0,1,1,1,0,1,3,3,3,3,3,3,3,27
5.3526,100.4192068,Daerah: Seberang Perai Tengah<br>No:55<br>Hex coord:(6;15),Kenny Rogers Roaster. No.8 Lorong Setia Sentral 2. 14000 Bukit Mertajam. Penang. Malaysia,0,27,0,24,0,0,0,14,0,18,0,16,16,14,0,0,13,13,13,12,8,8,0,7,11,11,8,8,7,7,9,264
5.34482,100.4327413,Daerah: Seberang Perai Tengah<br>No:56<br>Hex coord:(7;15),Jooi Brothers Sdn. Bhd.. Jalan Pengkalan. Bukit Tengah. 13600. Penang. Malaysia,0,71,0,39,0,0,0,27,0,31,0,28,22,26,0,0,39,38,37,36,36,29,0,29,33,39,39,16,15,15,17,662
5.3526,100.4462758,Daerah: Seberang Perai Tengah<br>No:57<br>Hex coord:(8;15),Lintang Tembikai. Bukit Mertajam. Penang. Malaysia,0,46,0,36,0,0,0,24,0,26,0,23,21,19,0,0,14,18,17,17,15,11,0,17,17,17,17,16,16,12,13,412
5.34482,100.4598103,Daerah: Seberang Perai Tengah<br>No:58<br>Hex coord:(9;15),Lorong Saujana Permai 5. Bukit Mertajam. Penang. Malaysia,0,50,0,37,0,0,0,54,0,54,0,74,74,77,0,0,65,60,54,54,51,43,0,20,21,21,17,17,16,16,18,893
5.3526,100.4733447,Daerah: Seberang Perai Tengah<br>No:59<br>Hex coord:(10;15),2285 Jalan Kulim. 14000 Bukit Mertajam. Penang. Malaysia,0,25,0,23,0,0,0,12,0,12,0,7,9,11,0,0,17,21,20,21,20,18,0,17,23,24,24,17,12,11,12,356
5.34482,100.4868792,Daerah: Seberang Perai Tengah<br>No:60<br>Hex coord:(11;15),SK Juara. Lorong Masjid. Kampung Jalan Kilang Ubi. 14000. Penang. Malaysia,0,32,0,27,0,0,0,22,0,16,0,16,14,12,0,0,11,12,9,7,5,5,0,9,11,12,12,12,12,11,11,278
5.3526,100.5004137,Daerah: Seberang Perai Tengah<br>No:61<br>Hex coord:(12;15),60178771250 Nandaka Vihara Meditation Society. Bukit Mertajam. Penang. Malaysia,0,2,0,2,0,0,0,1,0,1,0,0,0,0,0,0,0,0,0,0,0,0,0,0,1,1,1,1,1,1,1,13
5.34482,100.5139482,Daerah: Seberang Perai Tengah<br>No:62<br>Hex coord:(13;15),Kampung Pulau Pisang. 14020. Penang. Malaysia,0,0,0,0,0,0,0,0,0,0,0,0,0,0,0,0,0,0,0,0,0,0,0,0,0,0,0,0,0,0,0,0
5.3526,100.5274826,Daerah: Kulim<br>No:x<br>Hex coord:(14;15),Jl. Cengal 1a. Kulim. Kedah. Malaysia,0,33,0,30,0,0,0,15,0,24,0,30,30,27,0,0,27,28,27,28,28,17,0,8,7,8,7,5,5,3,4,391
5.32926,100.4056724,Daerah: Seberang Perai Tengah<br>No:63<br>Hex coord:(5;16),Bukit Juru Forest Reserve. Jalan Juru. Taman Mengkudu. 14100. Penang. Malaysia,0,3,0,1,0,0,0,0,0,0,0,0,0,0,0,0,0,0,0,0,0,0,0,0,0,0,0,0,0,0,0,4
5.33704,100.4192068,Daerah: Seberang Perai Tengah<br>No:64<br>Hex coord:(6;16),Lorong Perusahaan Maju 6. Prai Industrial Estate. 13600 Perai. Penang. Malaysia,0,17,0,5,0,0,0,4,0,4,0,4,4,4,0,0,4,4,4,4,4,3,0,3,3,3,3,1,0,0,0,78
5.32926,100.4327413,Daerah: Seberang Perai Tengah<br>No:65<br>Hex coord:(7;16),Premium Sound Solutions Sdn. Bhd. 1552(A) Jalan Perusahaan. 13600 Bukit Mertajam. Penang. Malaysia,0,13,0,13,0,0,0,7,0,7,0,6,6,6,0,0,6,6,3,8,8,8,0,8,16,16,16,16,16,15,18,218
5.33704,100.4462758,Daerah: Seberang Perai Tengah<br>No:66<br>Hex coord:(8;16),Lorong Titi Panjang 5. Bukit Minyak. 14000 Bukit Mertajam. Penang. Malaysia,0,27,0,14,0,0,0,17,0,13,0,13,14,15,0,0,12,12,9,7,7,6,0,3,5,5,5,5,5,5,7,206
5.32926,100.4598103,Daerah: Seberang Perai Tengah<br>No:67<br>Hex coord:(9;16),Lorong Bukit Minyak Utama 30. Bukit Mertajam. Penang. Malaysia,0,33,0,21,0,0,0,24,0,19,0,16,14,14,0,0,9,11,9,11,10,10,0,6,9,11,11,11,9,9,7,274
5.33704,100.4733447,Daerah: Seberang Perai Tengah<br>No:68<br>Hex coord:(10;16),Solok Damai. Bukit Mertajam. Penang. Malaysia,0,90,0,86,0,0,0,78,0,74,0,87,116,120,0,0,101,107,99,90,81,78,0,72,70,50,45,40,31,25,29,1569
5.32926,100.4868792,Daerah: Seberang Perai Tengah<br>No:69<br>Hex coord:(11;16),26 Halaman Rusa. 14000 Bukit Mertajam. Penang. Malaysia,0,70,0,64,0,0,0,70,0,63,0,56,57,55,0,0,36,33,31,31,25,25,0,24,26,27,23,19,17,16,28,796
5.33704,100.5004137,Daerah: Seberang Perai Tengah<br>No:70<br>Hex coord:(12;16),Lorong Machang Bubok 33. Bukit Mertajam. Penang. Malaysia,0,58,0,41,0,0,0,46,0,54,0,52,50,42,0,0,27,29,29,34,28,21,0,34,35,35,36,35,35,30,27,778
5.32926,100.5139482,Daerah: Seberang Perai Tengah<br>No:71<br>Hex coord:(13;16),17 Lorong Jambu 6. Bukit Mertajam. Penang. Malaysia,0,9,0,8,0,0,0,14,0,18,0,20,19,20,0,0,15,15,13,12,12,7,0,7,7,15,14,14,14,13,12,278
5.33704,100.5274826,Daerah: Seberang Perai Tengah<br>No:72<br>Hex coord:(14;16),Bukit Machang Bubok. Bukit Mertajam. Seberang Perai Tengah. Malaysia,0,4,0,4,0,0,0,3,0,3,0,3,3,1,0,0,0,0,0,0,0,0,0,0,0,0,0,0,0,0,0,21
5.3137,100.4056724,Daerah: Seberang Perai Tengah<br>No:x<br>Hex coord:(5;17),Dataran Semilang. Sungai Sembilang. Perai. Penang. Malaysia,0,1,0,1,0,0,0,1,0,0,0,1,1,1,0,0,1,1,1,1,1,1,0,0,0,0,0,0,0,0,0,12
5.32148,100.4192068,Daerah: Seberang Perai Tengah<br>No:73<br>Hex coord:(6;17),11 Jalan Juru Indah. Juru. Penang. Malaysia,0,8,0,5,0,0,0,8,0,9,0,9,7,6,0,0,1,4,4,4,4,3,0,9,9,10,10,10,9,9,11,149
5.3137,100.4327413,Daerah: Seberang Perai Tengah<br>No:74<br>Hex coord:(7;17),2604 Jalan IKS Juru. Juru. 14100. Penang. Malaysia,0,41,0,35,0,0,0,29,0,30,0,37,40,43,0,0,42,54,52,54,48,43,0,34,40,42,39,37,28,24,27,819
5.32148,100.4462758,Daerah: Seberang Perai Tengah<br>No:75<br>Hex coord:(8;17),Jalan Juru 2. 14100 Bukit Mertajam. Penang. Malaysia,0,61,0,46,0,0,0,45,0,38,0,36,38,37,0,0,37,38,32,36,36,34,0,37,37,37,37,31,29,28,32,782
5.3137,100.4598103,Daerah: Seberang Perai Tengah<br>No:76<br>Hex coord:(9;17),Lorong Asas Jaya 19. Bukit Mertajam. Penang. Malaysia,0,21,0,17,0,0,0,16,0,22,0,21,25,23,0,0,20,28,25,24,23,16,0,19,19,15,15,13,13,5,15,395
5.32148,100.4733447,Daerah: Seberang Perai Tengah<br>No:77<br>Hex coord:(10;17),Lorong Seri Kijang 8. Taman Seri Kijang. 14000 Bukit Mertajam. Penang. Malaysia,0,48,0,41,0,0,0,37,0,34,0,38,35,32,0,0,26,36,34,31,30,27,0,29,30,31,30,28,26,16,21,660
5.3137,100.4868792,Daerah: Seberang Perai Tengah<br>No:78<br>Hex coord:(11;17),Impian Residence. Bukit Mertajam. Penang. Malaysia,0,80,0,76,0,0,0,66,0,55,0,52,56,41,0,0,30,27,26,25,23,22,0,18,16,13,10,10,9,7,7,669
5.32148,100.5004137,Daerah: Seberang Perai Tengah<br>No:79<br>Hex coord:(12;17),Ladang Alma. Bukit Mertajam. Seberang Perai Tengah. Malaysia,0,3,0,3,0,0,0,3,0,1,0,0,0,0,0,0,0,0,0,0,0,0,0,0,0,1,1,1,1,1,1,16
5.3137,100.5139482,Daerah: Seberang Perai Tengah<br>No:80<br>Hex coord:(13;17),Kampung Berangan Sembilan. 14020. Penang. Malaysia,0,21,0,21,0,0,0,20,0,14,0,9,9,8,0,0,5,5,5,5,3,1,0,2,2,2,2,2,1,1,1,139
5.32148,100.5274826,Daerah: Seberang Perai Tengah<br>No:81<br>Hex coord:(14;17),Ladang Macang Bubuk. Seberang Perai Tengah. Malaysia,0,2,0,2,0,0,0,2,0,2,0,6,5,4,0,0,4,4,4,4,4,4,0,0,0,0,0,0,0,0,0,47
5.30592,100.4192068,Daerah: Seberang Perai Tengah<br>No:82<br>Hex coord:(6;18),27 Lorong Juru Indah 11. Juru. Penang. Malaysia,0,5,0,5,0,0,0,12,0,12,0,12,13,12,0,0,6,5,5,3,2,2,0,2,2,2,2,2,2,2,2,110
5.29814,100.4327413,Daerah: Seberang Perai Tengah<br>No:83<br>Hex coord:(7;18),Juru. 14100. Penang. Malaysia,0,13,0,11,0,0,0,11,0,5,0,9,9,9,0,0,9,11,11,12,12,12,0,6,8,12,12,10,10,7,8,207
5.30592,100.4462758,Daerah: Seberang Perai Tengah<br>No:84<br>Hex coord:(8;18),Lorong Perindustrian Bukit Minyak 15. Bukit Mertajam. Penang. Malaysia,0,14,0,12,0,0,0,16,0,14,0,14,13,16,0,0,9,26,26,26,26,24,0,24,24,22,18,18,1,1,14,358
5.29814,100.4598103,Daerah: Seberang Perai Tengah<br>No:85<br>Hex coord:(9;18),Lengkok Perindustrian Bukit Minyak 3. 14100 Bukit Mertajam. Penang. Malaysia,0,3,0,2,0,0,0,2,0,1,0,1,1,1,0,0,1,1,1,1,1,1,0,1,1,1,1,0,0,0,0,21
5.30592,100.4733447,Daerah: Seberang Perai Tengah<br>No:86<br>Hex coord:(10;18),Essex Malaysia Sdn Bhd. Lot 1192 Jalan Permatang Tinggi. 14000 Bukit Mertajam. Penang. Malaysia,0,25,0,20,0,0,0,29,0,22,0,21,24,18,0,0,12,12,4,3,3,3,0,3,5,2,2,2,2,2,2,216
5.29814,100.4868792,Daerah: Seberang Perai Tengah<br>No:87<br>Hex coord:(11;18),Permatang Tinggi. 14120. Penang. Malaysia,0,12,0,12,0,0,0,10,0,8,0,8,8,10,0,0,8,5,5,4,4,4,0,4,4,4,1,1,1,1,1,115
5.30592,100.5004137,Daerah: Seberang Perai Tengah<br>No:88<br>Hex coord:(12;18),Bukit Teh. 14020. Penang. Malaysia,0,4,0,3,0,0,0,1,0,3,0,4,4,9,0,0,9,9,9,9,8,6,0,6,6,6,1,1,1,1,2,102
5.30592,100.5274826,Daerah: Seberang Perai Tengah<br>No:89<br>Hex coord:(14;18),Ladang Sim Lee. Seberang Perai Tengah. Malaysia,0,8,0,6,0,0,0,1,0,2,0,2,4,4,0,0,5,5,5,5,5,4,0,4,4,3,3,2,2,2,2,78
5.29036,100.4192068,Daerah: Seberang Perai Tengah<br>No:90<br>Hex coord:(6;19),Juru. 14100. Penang. Malaysia,0,1,0,1,0,0,0,1,0,0,0,0,1,1,0,0,1,1,1,1,1,1,0,1,1,0,0,0,0,0,0,13
5.29036,100.4462758,Daerah: Seberang Perai Tengah<br>No:91<br>Hex coord:(8;19),Lorong Perindustrian Bukit Minyak 19. Bukit Mertajam. Penang. Malaysia,0,0,0,0,0,0,0,0,0,0,0,0,0,0,0,0,0,17,17,17,17,17,0,17,17,17,17,17,0,0,0,170
5.29036,100.4733447,Daerah: Seberang Perai Tengah<br>No:92<br>Hex coord:(10;19),Permatang Tinggi. Simpang Ampat. Seberang Perai. Malaysia,0,30,0,24,0,0,0,25,0,23,0,22,21,16,0,0,9,10,10,9,4,4,0,3,6,6,5,5,5,5,6,248
5.29814,100.5139482,Daerah: Seberang Perai Selatan<br>No:1<br>Hex coord:(13;18),Kampung Seberang Tasik. Simpang Ampat. Seberang Perai. Malaysia,0,1,0,0,0,0,0,0,0,0,0,0,0,0,0,0,0,0,0,0,0,0,0,0,0,0,0,0,0,0,1,2
5.28258,100.4327413,Daerah: Seberang Perai Selatan<br>No:2<br>Hex coord:(7;19),Sungai Jawi. Batu Kawan. Penang. Malaysia,0,9,0,9,0,0,0,1,0,1,0,1,1,2,0,0,2,4,4,4,4,4,0,4,4,3,2,2,0,0,0,61
5.28258,100.4598103,Daerah: Seberang Perai Selatan<br>No:3<br>Hex coord:(9;19),Jalan Seri Tambun 1. Simpang Ampat. Penang. Malaysia,0,43,0,38,0,0,0,36,0,30,0,24,23,12,0,0,4,4,3,4,4,4,0,5,5,5,5,3,2,2,3,259
5.28258,100.4868792,Daerah: Seberang Perai Selatan<br>No:4<br>Hex coord:(11;19),Indah Water. Simpang Ampat. Penang. Malaysia,0,52,0,49,0,0,0,30,0,31,0,29,31,26,0,0,24,27,25,26,21,19,0,19,18,22,30,26,25,22,24,576
5.29036,100.5004137,Daerah: Seberang Perai Selatan<br>No:5<br>Hex coord:(12;19),P125. Simpang Ampat. Penang. Malaysia,0,23,0,16,0,0,0,17,0,21,0,22,22,22,0,0,17,22,21,21,16,12,0,15,19,19,19,19,14,11,14,382
5.28258,100.5139482,Daerah: Seberang Perai Selatan<br>No:6<br>Hex coord:(13;19),Lorong IKS Tasek 4. Taman IKS Tasek. Simpang Ampat. Penang. Malaysia,0,28,0,26,0,0,0,23,0,24,0,25,27,26,0,0,26,29,28,24,18,17,0,11,11,9,9,9,8,2,5,385
5.29036,100.5274826,Daerah: Seberang Perai Selatan<br>No:7<br>Hex coord:(14;19),Sungai Jawi. Seberang Perai. Malaysia,0,27,0,21,0,0,0,20,0,13,0,13,13,12,0,0,4,4,1,5,5,5,0,10,13,14,14,14,14,14,10,246
5.28258,100.5410171,Daerah: Seberang Perai Selatan<br>No:x<br>Hex coord:(15;19),Sungai Junjong. Simpang Ampat. Penang. Malaysia,0,38,0,38,0,0,0,31,0,31,0,24,13,8,0,0,3,7,7,7,5,5,0,6,6,10,9,9,9,5,5,276
5.26702,100.4056724,Daerah: Seberang Perai Selatan<br>No:x<br>Hex coord:(5;20),Jeti Pulau Aman. Pengkalan Cassia. Bandar Cassia. 14110. Penang. Malaysia,0,0,0,0,0,0,0,0,0,0,0,0,0,0,0,0,0,0,0,0,0,0,0,0,0,0,0,0,0,0,0,0
5.2748,100.4192068,Daerah: Seberang Perai Selatan<br>No:8<br>Hex coord:(6;20),Bukit Batu Kawan Forest. Jalan Pengkalan Batu Kawan. Pengkalan Batu Kawan. 14110. Penang. Malaysia,0,3,0,3,0,0,0,6,0,15,0,14,14,14,0,0,14,14,14,10,10,1,0,0,0,1,1,1,1,1,1,138
5.26702,100.4327413,Daerah: Seberang Perai Selatan<br>No:9<br>Hex coord:(7;20),Hong Seng Estate. Batu Kawan. Seberang Perai Selatan. Malaysia,0,37,0,27,0,0,0,26,0,26,0,25,24,25,0,0,22,25,23,23,22,17,0,17,18,19,22,20,15,11,17,461
5.2748,100.4462758,Daerah: Seberang Perai Selatan<br>No:10<br>Hex coord:(8;20),Bukit Tambun. Simpang Ampat. Seberang Perai. Malaysia,0,8,0,1,0,0,0,5,0,7,0,7,6,6,0,0,6,4,4,4,4,4,0,2,2,2,3,3,3,2,5,88
5.26702,100.4598103,Daerah: Seberang Perai Selatan<br>No:11<br>Hex coord:(9;20),North�South Expressway. Bukit Tambun. Simpang Ampat. Penang. Malaysia,0,63,0,51,0,0,0,59,0,52,0,44,43,41,0,0,28,30,22,24,22,18,0,23,22,23,24,21,21,16,21,668
5.2748,100.4733447,Daerah: Seberang Perai Selatan<br>No:12<br>Hex coord:(10;20),Lorong Cegar 1. Bukit Tambun. Simpang Ampat. Penang. Malaysia,0,71,0,60,0,0,0,56,0,41,0,36,34,30,0,0,21,39,37,37,37,36,0,45,51,54,52,47,41,30,29,884
5.26702,100.4868792,Daerah: Seberang Perai Selatan<br>No:13<br>Hex coord:(11;20),Akademi Memandu Berjaya Sdn. Bhd.. 2402 Pergerakan Selekoh Z. Bukit Tambun. 14100 Simpang Ampat. Penang. Malaysia,0,29,0,24,0,0,0,27,0,30,0,31,21,21,0,0,16,22,21,20,19,16,0,15,14,14,13,12,12,6,6,389
5.2748,100.5004137,Daerah: Seberang Perai Selatan<br>No:14<br>Hex coord:(12;20),Jalan Tasek Mutiara 10. Simpang Ampat. Penang. Malaysia,0,78,0,67,0,0,0,45,0,42,0,30,33,32,0,0,28,32,32,33,30,24,0,35,34,32,34,33,32,29,37,772
5.26702,100.5139482,Daerah: Seberang Perai Selatan<br>No:15<br>Hex coord:(13;20),Jalan Valdor. Sungai Jawi. Simpang Ampat. Penang. Malaysia,0,6,0,6,0,0,0,5,0,1,0,1,0,0,0,0,0,0,0,0,0,0,0,0,0,0,0,0,0,0,0,19
5.2748,100.5274826,Daerah: Seberang Perai Selatan<br>No:16<br>Hex coord:(14;20),Sungai Jawi. Seberang Perai. Malaysia,0,2,0,2,0,0,0,2,0,2,0,0,0,1,0,0,3,3,3,3,3,3,0,3,3,3,2,0,0,0,1,39
5.26702,100.5410171,Daerah: Seberang Perai Selatan<br>No:x<br>Hex coord:(15;20),Ladang Ayer Puteh. Kulim. Malaysia,0,0,0,0,0,0,0,0,0,0,0,0,0,0,0,0,0,0,0,0,0,0,0,0,0,0,0,0,0,0,0,0
5.25924,100.4192068,Daerah: Seberang Perai Selatan<br>No:17<br>Hex coord:(6;21),Jalan Batu Kawan. Bandar Cassia. 14110. Penang. Malaysia,0,35,0,34,0,0,0,23,0,27,0,24,24,26,0,0,20,20,20,20,19,12,0,9,9,7,6,3,3,3,2,346
5.25146,100.4327413,Daerah: Seberang Perai Selatan<br>No:18<br>Hex coord:(7;21),Pulau Batu Kawan. Batu Kawan. Seberang Perai Selatan. Malaysia,0,28,0,24,0,0,0,19,0,14,0,12,9,8,0,0,5,8,8,9,8,8,0,8,9,6,6,6,6,2,2,205
5.25924,100.4462758,Daerah: Seberang Perai Selatan<br>No:19<br>Hex coord:(8;21),Sungai Binjai. Batu Kawan. Seberang Perai Selatan. Malaysia,0,3,0,3,0,0,0,3,0,3,0,3,2,0,0,0,0,0,0,0,0,0,0,0,1,1,1,1,1,1,1,24
5.25146,100.4598103,Daerah: Seberang Perai Selatan<br>No:20<br>Hex coord:(9;21),Sungai Jawi. Penang. Malaysia,0,0,0,0,0,0,0,0,0,0,0,0,0,0,0,0,0,0,0,0,0,0,0,0,0,0,0,0,0,0,0,0
5.25924,100.4733447,Daerah: Seberang Perai Selatan<br>No:21<br>Hex coord:(10;21),Jalan Paboi. Simpang Ampat. Penang. Malaysia,0,83,0,72,0,0,0,72,0,57,0,54,51,47,0,0,41,48,45,47,45,42,0,37,39,46,47,41,36,32,42,1024
5.25146,100.4868792,Daerah: Seberang Perai Selatan<br>No:22<br>Hex coord:(11;21),Hijauan Valdor. Simpang Ampat. Seberang Perai. Malaysia,0,7,0,4,0,0,0,12,0,12,0,11,12,12,0,0,8,7,7,5,5,5,0,5,3,4,4,3,2,2,2,132
5.25924,100.5004137,Daerah: Seberang Perai Selatan<br>No:23<br>Hex coord:(12;21),?????????. Penang. Malaysia,0,0,0,0,0,0,0,0,0,0,0,0,1,1,0,0,1,1,1,1,1,1,0,1,0,0,0,0,0,0,0,9
5.25146,100.5139482,Daerah: Seberang Perai Selatan<br>No:24<br>Hex coord:(13;21),Sungai Jawi. Kampung Sethu. 14200. Penang. Malaysia,0,0,0,0,0,0,0,0,0,0,0,0,0,0,0,0,0,0,0,0,0,0,0,0,0,0,0,0,0,0,0,0
5.25924,100.5274826,Daerah: Seberang Perai Selatan<br>No:25<br>Hex coord:(14;21),Sungai Jawi. Seberang Perai. Malaysia,0,0,0,0,0,0,0,0,0,0,0,0,0,0,0,0,0,0,0,0,0,0,0,0,0,0,0,0,0,0,0,0
5.25146,100.5410171,Daerah: Seberang Perai Selatan<br>No:x<br>Hex coord:(15;21),Bukit Cempedak. Kulim. Malaysia,0,0,0,0,0,0,0,0,0,0,0,0,0,0,0,0,0,0,0,0,0,0,0,0,0,0,0,0,0,0,0,0
5.24368,100.4192068,Daerah: Seberang Perai Selatan<br>No:26<br>Hex coord:(6;22),Bandar Cassia. 14110. Penang. Malaysia,0,0,0,0,0,0,0,0,0,0,0,0,0,0,0,0,0,0,0,0,0,0,0,0,0,0,0,0,0,0,0,0
5.2359,100.4327413,Daerah: Seberang Perai Selatan<br>No:27<br>Hex coord:(7;22),Persiaran Cassia Barat 8. Batu Kawan. Penang. Malaysia,0,11,0,9,0,0,0,10,0,8,0,3,3,3,0,0,2,2,1,1,1,1,0,1,2,2,2,2,2,2,1,69
5.24368,100.4462758,Daerah: Seberang Perai Selatan<br>No:28<br>Hex coord:(8;22),Bandar Cassia. 14110. Penang. Malaysia,0,4,0,4,0,0,0,0,0,1,0,1,1,1,0,0,1,1,1,2,2,2,0,2,2,2,2,2,2,1,1,35
5.2359,100.4598103,Daerah: Seberang Perai Selatan<br>No:29<br>Hex coord:(9;22),Bose Malaysia. 719 Lingkaran Cassia Selatan. 14100 Simpang Ampat. Penang. Malaysia,0,0,0,0,0,0,0,0,0,0,0,0,0,0,0,0,0,0,0,1,1,1,0,1,1,1,1,1,1,1,0,10
5.24368,100.4733447,Daerah: Seberang Perai Selatan<br>No:30<br>Hex coord:(10;22),Lebuhraya Utara�Selatan. Simpang Ampat. Penang. Malaysia,0,8,0,8,0,0,0,2,0,2,0,2,2,2,0,0,1,1,1,4,4,4,0,4,4,4,4,4,3,3,3,70
5.2359,100.4868792,Daerah: Seberang Perai Selatan<br>No:31<br>Hex coord:(11;22),Sungai Jawi. Seberang Perai. Malaysia,0,48,0,42,0,0,0,34,0,30,0,23,21,22,0,0,14,19,19,14,13,11,0,13,14,16,16,14,7,7,9,406
5.24368,100.5004137,Daerah: Seberang Perai Selatan<br>No:32<br>Hex coord:(12;22),Sungai Jawi. Seberang Perai. Malaysia,0,41,0,34,0,0,0,26,0,18,0,12,11,10,0,0,11,32,32,30,29,29,0,27,26,26,27,24,3,1,1,450
5.2359,100.5139482,Daerah: Seberang Perai Selatan<br>No:33<br>Hex coord:(13;22),?????. Sungai Jawi. Penang. Malaysia,0,0,0,0,0,0,0,0,0,0,0,0,0,0,0,0,0,0,0,0,0,0,0,0,0,0,0,0,0,0,0,0
5.24368,100.5274826,Daerah: Seberang Perai Selatan<br>No:34<br>Hex coord:(14;22),Sungai Jawi. Kampung Sethu. 14200. Penang. Malaysia,0,0,0,0,0,0,0,0,0,0,0,0,0,0,0,0,0,0,0,0,0,0,0,0,0,0,0,0,0,0,0,0
5.2359,100.5410171,Daerah: Bandar Baharu<br>No:x<br>Hex coord:(15;22),Bandar Baharu. 14200. Kedah. Malaysia,0,1,0,1,0,0,0,2,0,2,0,2,2,2,0,0,2,2,2,0,0,0,0,0,0,0,0,0,0,0,0,18
5.22812,100.4192068,Daerah: Seberang Perai Selatan<br>No:x<br>Hex coord:(6;23),Batu Kawan. Seberang Perai Selatan. Malaysia,0,0,0,0,0,0,0,0,0,0,0,0,0,0,0,0,0,0,0,0,0,0,0,0,0,0,0,0,0,0,0,0
5.22034,100.4327413,Daerah: Seberang Perai Selatan<br>No:35<br>Hex coord:(7;23),Persiaran Cassia Selatan 3. Batu Kawan. Penang. Malaysia,0,2,0,2,0,0,0,8,0,8,0,8,8,8,0,0,8,1,0,0,0,0,0,0,0,0,0,0,0,0,0,53
5.22812,100.4462758,Daerah: Seberang Perai Selatan<br>No:36<br>Hex coord:(8;23),Honda. Lebuhraya Bandar Cassia. Batu Kawan Industrial Park. 14110. Penang. Malaysia,0,4,0,4,0,0,0,6,0,7,0,6,6,6,0,0,6,1,1,1,0,0,0,0,0,0,0,0,0,0,0,48
5.22034,100.4598103,Daerah: Seberang Perai Selatan<br>No:37<br>Hex coord:(9;23),Kampung Bagan Buaya. Nibong Tebal. Seberang Perai. Malaysia,0,1,0,1,0,0,0,1,0,1,0,1,1,1,0,0,0,0,0,0,0,0,0,0,0,0,0,0,0,0,1,8
5.22812,100.4733447,Daerah: Seberang Perai Selatan<br>No:38<br>Hex coord:(10;23),Kampung Bagan Buaya. Simpang Ampat. Seberang Perai. Malaysia,0,7,0,7,0,0,0,1,0,1,0,1,1,1,0,0,0,0,0,0,0,0,0,0,0,0,0,0,0,0,1,20
5.22034,100.4868792,Daerah: Seberang Perai Selatan<br>No:39<br>Hex coord:(11;23),Sungai Jawi. Seberang Perai. Malaysia,0,29,0,28,0,0,0,18,0,13,0,17,20,19,0,0,13,12,12,12,12,12,0,5,1,3,3,3,3,3,3,241
5.22812,100.5004137,Daerah: Seberang Perai Selatan<br>No:40<br>Hex coord:(12;23),Sungai Jawi. Seberang Perai. Malaysia,0,92,0,71,0,0,0,44,0,41,0,44,40,35,0,0,27,29,29,31,25,25,0,16,16,20,22,18,16,13,13,667
5.22034,100.5139482,Daerah: Seberang Perai Selatan<br>No:41<br>Hex coord:(13;23),Ladang Wee Lee. Jawi. Seberang Perai Selatan. Malaysia,0,11,0,7,0,0,0,7,0,6,0,10,13,13,0,0,10,9,9,11,11,11,0,6,4,4,4,4,3,3,3,159
5.22812,100.5274826,Daerah: Seberang Perai Selatan<br>No:42<br>Hex coord:(14;23),Sungai Jawi. Seberang Perai. Malaysia,0,0,0,0,0,0,0,0,0,0,0,0,0,0,0,0,0,0,0,0,0,0,0,0,0,0,0,0,0,0,0,0
5.22034,100.5410171,Daerah: Seberang Perai Selatan<br>No:43<br>Hex coord:(15;23),Ladang Sungai Duri. Jawi. Seberang Perai Selatan. Malaysia,0,0,0,0,0,0,0,0,0,0,0,0,0,0,0,0,0,0,0,0,0,0,0,0,0,0,0,0,0,0,0,0
5.21256,100.4192068,Daerah: Seberang Perai Selatan<br>No:x<br>Hex coord:(6;24),Kuala Tengah. Sungai Jawi. Seberang Perai Selatan. Malaysia,0,0,0,0,0,0,0,0,0,0,0,0,0,0,0,0,0,0,0,0,0,0,0,0,0,0,0,0,0,0,0,0
5.20478,100.4327413,Daerah: Seberang Perai Selatan<br>No:44<br>Hex coord:(7;24),Ladang Byram. Sungai Jawi. Seberang Perai Selatan. Malaysia,0,0,0,0,0,0,0,0,0,0,0,0,0,0,0,0,0,0,0,0,0,0,0,0,0,0,0,0,0,0,0,0
5.21256,100.4462758,Daerah: Seberang Perai Selatan<br>No:45<br>Hex coord:(8;24),Jeti Pangkalan Nelayan Changkat. Sungai Jawi. Penang. Malaysia,0,2,0,0,0,0,0,0,0,0,0,0,0,0,0,0,0,0,0,0,0,0,0,0,0,0,0,0,0,0,0,2
5.20478,100.4598103,Daerah: Seberang Perai Selatan<br>No:46<br>Hex coord:(9;24),Kampung Bagan Buaya. Nibong Tebal. Seberang Perai. Malaysia,0,0,0,0,0,0,0,0,0,0,0,0,0,0,0,0,0,0,0,0,0,0,0,0,0,0,0,0,0,0,0,0
5.21256,100.4733447,Daerah: Seberang Perai Selatan<br>No:47<br>Hex coord:(10;24),P170. Nibong Tebal. Penang. Malaysia,0,3,0,3,0,0,0,1,0,0,0,0,0,0,0,0,0,0,0,0,0,0,0,0,0,0,0,0,0,0,0,7
5.20478,100.4868792,Daerah: Seberang Perai Selatan<br>No:48<br>Hex coord:(11;24),Sungai Jawi. Seberang Perai. Malaysia,0,25,0,22,0,0,0,19,0,22,0,16,16,13,0,0,9,12,11,9,7,4,0,4,5,8,8,8,8,4,4,234
5.21256,100.5004137,Daerah: Seberang Perai Selatan<br>No:49<br>Hex coord:(12;24),Sungai Jawi. Seberang Perai. Malaysia,0,43,0,38,0,0,0,59,0,57,0,50,47,54,0,0,30,34,31,36,35,35,0,39,38,42,36,30,28,24,26,812
5.20478,100.5139482,Daerah: Seberang Perai Selatan<br>No:50<br>Hex coord:(13;24),Sungai Jawi. Seberang Perai. Malaysia,0,0,0,0,0,0,0,0,0,0,0,1,3,3,0,0,3,3,3,3,3,3,0,2,0,0,0,0,0,0,1,28
5.21256,100.5274826,Daerah: Seberang Perai Selatan<br>No:51<br>Hex coord:(14;24),Sungai Jawi. Seberang Perai. Malaysia,0,4,0,4,0,0,0,9,0,10,0,10,12,13,0,0,13,8,8,8,8,7,0,7,6,6,6,5,4,4,9,161
5.20478,100.5410171,Daerah: Seberang Perai Selatan<br>No:52<br>Hex coord:(15;24),Sungai Jawi. Seberang Perai. Malaysia,0,5,0,5,0,0,0,9,0,11,0,13,12,16,0,0,17,14,13,13,11,9,0,11,13,15,11,9,8,7,7,229
5.197,100.4192068,Daerah: Seberang Perai Selatan<br>No:x<br>Hex coord:(6;25),Pulau Burong Landfill. Sungai Jawi. Penang. Malaysia,0,0,0,0,0,0,0,0,0,0,0,0,0,0,0,0,0,0,0,0,0,0,0,0,0,0,0,0,0,0,0,0
5.18922,100.4327413,Daerah: Seberang Perai Selatan<br>No:53<br>Hex coord:(7;25),Jalan Byram. Nibong Tebal. Penang. Malaysia,0,2,0,2,0,0,0,2,0,0,0,0,0,0,0,0,0,0,0,0,0,0,0,0,0,0,0,0,0,0,0,6
5.197,100.4462758,Daerah: Seberang Perai Selatan<br>No:54<br>Hex coord:(8;25),P164. Kampung Bagan Buaya. Nibong Tebal. Penang. Malaysia,0,0,0,0,0,0,0,1,0,1,0,1,1,1,0,0,0,0,0,0,0,0,0,0,0,0,0,0,0,0,0,5
5.18922,100.4598103,Daerah: Seberang Perai Selatan<br>No:55<br>Hex coord:(9;25),P166. Penang. Malaysia,0,0,0,0,0,0,0,0,0,0,0,0,0,0,0,0,0,0,0,0,0,0,0,0,0,0,0,0,0,0,0,0
5.197,100.4733447,Daerah: Seberang Perai Selatan<br>No:56<br>Hex coord:(10;25),Kampung Bagan Buaya. Nibong Tebal. Seberang Perai. Malaysia,0,1,0,1,0,0,0,7,0,7,0,7,7,7,0,0,2,1,1,1,1,1,0,1,1,1,2,2,2,2,2,57
5.18922,100.4868792,Daerah: Seberang Perai Selatan<br>No:57<br>Hex coord:(11;25),Jalan Nibong Tebal. Kampung Sethu. Nibong Tebal. Penang. Malaysia,0,34,0,27,0,0,0,25,0,26,0,18,19,19,0,0,13,11,11,12,10,9,0,9,8,6,5,5,4,4,5,280
5.197,100.5004137,Daerah: Seberang Perai Selatan<br>No:58<br>Hex coord:(12;25),Lorong Jawi Permai 4. Sungai Jawi. Jawi. Penang. Malaysia,0,46,0,42,0,0,0,44,0,38,0,29,37,38,0,0,32,33,33,29,28,25,0,24,19,18,19,16,13,13,16,592
5.18922,100.5139482,Daerah: Seberang Perai Selatan<br>No:59<br>Hex coord:(13;25),Ladang Chain Paik Sin. Jawi. Seberang Perai Selatan. Malaysia,0,7,0,6,0,0,0,12,0,13,0,12,27,27,0,0,18,21,21,21,21,20,0,18,12,7,7,7,2,2,4,285
5.197,100.5274826,Daerah: Seberang Perai Selatan<br>No:60<br>Hex coord:(14;25),Lorong Widuri 26. Sungai Jawi. Jawi. Penang. Malaysia,0,37,0,35,0,0,0,47,0,44,0,51,58,59,0,0,47,34,34,38,37,34,0,28,20,16,17,17,14,13,14,694
5.18922,100.5410171,Daerah: Jawi<br>No:61<br>Hex coord:(15;25),Ladang Kerian Kedah. Jawi. Seberang Perai Selatan. Malaysia,0,24,0,24,0,0,0,18,0,14,0,14,15,15,0,0,9,10,10,10,10,10,0,10,8,1,1,1,1,0,5,210
5.18144,100.4192068,Daerah: Seberang Perai Selatan<br>No:62<br>Hex coord:(6;26),Hutan Rizab Byran. Seberang Perai Selatan. Malaysia,0,0,0,0,0,0,0,0,0,0,0,0,0,0,0,0,0,0,0,0,0,0,0,0,0,0,0,0,0,0,0,0
5.17366,100.4327413,Daerah: Seberang Perai Selatan<br>No:63<br>Hex coord:(7;26),Kampung Haji Omar. Nibong Tebal. Seberang Perai. Malaysia,0,0,0,0,0,0,0,0,0,0,0,0,0,0,0,0,0,0,0,0,0,0,0,0,0,0,0,0,0,0,0,0
5.18144,100.4462758,Daerah: Seberang Perai Selatan<br>No:64<br>Hex coord:(8;26),Jalan Byram. Kampung Pengkalan. Nibong Tebal. Penang. Malaysia,0,1,0,1,0,0,0,1,0,0,0,0,0,0,0,0,0,0,0,0,0,0,0,0,0,0,0,0,0,0,0,3
5.17366,100.4598103,Daerah: Seberang Perai Selatan<br>No:65<br>Hex coord:(9;26),99 Door Mansion. Nibong Tebal. Penang. Malaysia,0,14,0,8,0,0,0,6,0,5,0,3,3,2,0,0,5,7,7,7,7,7,0,7,8,9,8,5,3,3,3,127
5.18144,100.4733447,Daerah: Seberang Perai Selatan<br>No:66<br>Hex coord:(10;26),Kampung Haji Omar. Nibong Tebal. Seberang Perai. Malaysia,0,38,0,35,0,0,0,42,0,46,0,44,43,38,0,0,21,26,25,24,19,17,0,16,18,20,21,19,13,11,10,546
5.17366,100.4868792,Daerah: Seberang Perai Selatan<br>No:67<br>Hex coord:(11;26),Lorong Panchur Mutiara 12. Taman Panchor Mutiara. Nibong Tebal. Penang. Malaysia,0,101,0,79,0,0,0,54,0,59,0,48,58,59,0,0,48,56,56,52,45,42,0,46,43,39,38,34,30,23,23,1033
5.18144,100.5004137,Daerah: Seberang Perai Selatan<br>No:68<br>Hex coord:(12;26),Ladang Abdul Hamid. Nibong Tebal. Seberang Perai Selatan. Malaysia,0,3,0,3,0,0,0,5,0,5,0,5,9,9,0,0,6,8,8,9,8,7,0,7,5,5,5,5,1,1,1,115
5.17366,100.5139482,Daerah: Seberang Perai Selatan<br>No:69<br>Hex coord:(13;26),P156. Sungai Jawi. Nibong Tebal. Penang. Malaysia,0,0,0,0,0,0,0,0,0,0,0,0,0,0,0,0,0,2,2,3,3,3,0,3,3,3,3,3,3,3,2,36
5.18144,100.5274826,Daerah: Seberang Perai Selatan<br>No:70<br>Hex coord:(14;26),Sungai Jawi. Seberang Perai. Malaysia,0,0,0,0,0,0,0,0,0,0,0,0,0,0,0,0,0,0,0,0,0,0,0,0,0,0,0,0,0,0,0,0
5.17366,100.5410171,Daerah: Seberang Perai Selatan<br>No:71<br>Hex coord:(15;26),South Seberang Perai District. Nibong Tebal. Seberang Perai. Malaysia,0,16,0,16,0,0,0,6,0,6,0,2,2,2,0,0,2,2,2,0,0,0,0,0,0,1,1,1,1,1,3,64
5.1581,100.4056724,Daerah: Seberang Perai Selatan<br>No:x<br>Hex coord:(5;27),South Seberang Perai District. Sungai Acheh. Seberang Perai. Malaysia,0,0,0,0,0,0,0,0,0,0,0,0,0,0,0,0,0,0,0,0,0,0,0,0,0,0,0,0,0,0,0,0
5.16588,100.4192068,Daerah: Seberang Perai Selatan<br>No:x<br>Hex coord:(6;27),Kuala Kerian. Pulau Pinang. Seberang Perai Selatan. Malaysia,0,0,0,0,0,0,0,0,0,0,0,0,0,0,0,0,0,0,0,0,0,0,0,0,0,0,0,0,0,0,0,0
5.1581,100.4327413,Daerah: Seberang Perai Selatan<br>No:72<br>Hex coord:(7;27),Kampung Sungai Air Itam. Nibong Tebal. Seberang Perai. Malaysia,0,9,0,9,0,0,0,7,0,2,0,5,4,4,0,0,4,4,4,4,4,4,0,1,1,1,1,0,0,0,2,70
5.16588,100.4462758,Daerah: Seberang Perai Selatan<br>No:73<br>Hex coord:(8;27),Kampung Haji Omar. Nibong Tebal. Seberang Perai. Malaysia,0,0,0,0,0,0,0,0,0,0,0,0,0,0,0,0,0,0,0,0,0,0,0,0,0,0,0,0,0,0,0,0
5.1581,100.4598103,Daerah: Seberang Perai Selatan<br>No:74<br>Hex coord:(9;27),Kampung Haji Omar. Nibong Tebal. Seberang Perai. Malaysia,0,1,0,1,0,0,0,3,0,3,0,2,2,2,0,0,2,2,0,0,0,0,0,0,0,0,0,0,0,0,0,18
5.16588,100.4733447,Daerah: Seberang Perai Selatan<br>No:75<br>Hex coord:(10;27),Jalan Nuri 1. Nibong Tebal. Penang. Malaysia,0,45,0,42,0,0,0,47,0,52,0,50,60,58,0,0,50,50,48,46,41,35,0,28,26,22,24,17,15,13,14,783
5.1581,100.4868792,Daerah: Seberang Perai Selatan<br>No:76<br>Hex coord:(11;27),Kampung Haji Omar. Nibong Tebal. Seberang Perai. Malaysia,0,53,0,45,0,0,0,23,0,25,0,25,29,25,0,0,22,26,26,31,26,24,0,26,23,31,31,29,28,24,24,596
5.16588,100.5004137,Daerah: Seberang Perai Selatan<br>No:77<br>Hex coord:(12;27),Jishan Pack Sdn Bhd. Lot 20384. Jalan Bukit Panchor. 14300 Nibong Tebal. Penang Jalan Bukit Panchor. 14300 Nibong Tebal. Penang. Malaysia,0,7,0,7,0,0,0,5,0,0,0,1,8,12,0,0,14,14,14,14,14,14,0,17,10,10,6,4,4,4,5,184
5.1581,100.5139482,Daerah: Seberang Perai Selatan<br>No:78<br>Hex coord:(13;27),Perkampungan Sungai Kechil. Nibong Tebal. Seberang Perai. Malaysia,0,11,0,3,0,0,0,4,0,9,0,11,11,9,0,0,11,13,13,16,13,11,0,9,9,12,15,13,13,12,12,230
5.16588,100.5274826,Daerah: Seberang Perai Selatan<br>No:79<br>Hex coord:(14;27),Lorong Pancor Utama 12. Perkampungan Sungai Kechil. Nibong Tebal. Penang. Malaysia,0,13,0,9,0,0,0,1,0,2,0,2,2,2,0,0,3,3,3,10,10,10,0,10,10,12,12,10,10,10,7,151
5.1581,100.5410171,Daerah: Seberang Perai Selatan<br>No:80<br>Hex coord:(15;27),Bukit Panchor Reservoir. Jalan Loji Bukit Panchor. Perkampungan Sungai Kechil. Nibong Tebal. Penang. Malaysia,0,2,0,2,0,0,0,2,0,1,0,0,0,0,0,0,0,0,0,0,0,0,0,0,0,0,0,0,0,0,0,7
5.16588,100.5545516,Daerah: Bandar Baharu<br>No:x<br>Hex coord:(16;27),Sungai Kechil Hilir. 34950. Kedah. Malaysia,0,1,0,1,0,0,0,1,0,0,0,0,0,0,0,0,0,0,0,0,0,0,0,0,0,0,0,0,0,0,0,3
5.14254,100.4056724,Daerah: Seberang Perai Selatan<br>No:81<br>Hex coord:(5;28),Sungai Chenaam. Nibong Tebal. Penang. Malaysia,0,8,0,8,0,0,0,5,0,4,0,5,5,5,0,0,6,11,11,9,8,8,0,7,7,7,8,7,2,2,3,136
5.15032,100.4192068,Daerah: Seberang Perai Selatan<br>No:82<br>Hex coord:(6;28),Masjid Jamek Sungai Acheh. Nibong Tebal. Penang. Malaysia,0,12,0,12,0,0,0,11,0,2,0,9,12,12,0,0,12,12,12,14,14,14,0,10,10,10,10,9,9,9,10,225
5.14254,100.4327413,Daerah: Seberang Perai Selatan<br>No:83<br>Hex coord:(7;28),Kampung Batas Pinang. Nibong Tebal. Seberang Perai. Malaysia,0,10,0,10,0,0,0,4,0,2,0,1,1,1,0,0,1,1,1,1,1,1,0,0,0,0,0,0,0,0,0,35
5.15032,100.4462758,Daerah: Seberang Perai Selatan<br>No:84<br>Hex coord:(8;28),Kampung Tanjong Beremban. Nibong Tebal. Seberang Perai. Malaysia,0,7,0,7,0,0,0,14,0,15,0,9,8,8,0,0,4,5,2,2,2,2,0,4,4,8,8,8,7,7,7,138
5.14254,100.4598103,Daerah: Seberang Perai Selatan<br>No:85<br>Hex coord:(9;28),Masjid Al-Amin. Nibong Tebal. Seberang Perai Selatan. Malaysia,0,12,0,11,0,0,0,16,0,16,0,13,14,13,0,0,8,10,4,5,5,5,0,7,6,10,11,11,10,9,9,205
5.15032,100.4733447,Daerah: Seberang Perai Selatan<br>No:86<br>Hex coord:(10;28),Taman Keramat Permai. Nibong Tebal. Seberang Perai. Malaysia,0,21,0,19,0,0,0,13,0,33,0,34,34,34,0,0,28,28,26,27,4,4,0,3,3,4,6,6,6,5,6,344
5.14254,100.4868792,Daerah: Seberang Perai Selatan<br>No:87<br>Hex coord:(11;28),Taman Pekaka. Nibong Tebal. Seberang Perai. Malaysia,0,30,0,27,0,0,0,26,0,28,0,24,25,26,0,0,27,22,22,19,17,12,0,14,14,15,15,11,9,9,17,409
5.15032,100.5004137,Daerah: Seberang Perai Selatan<br>No:88<br>Hex coord:(12;28),Sungai Kecil. Nibong Tebal. Seberang Perai Selatan. Malaysia,0,1,0,1,0,0,0,0,0,0,0,0,0,0,0,0,0,0,0,0,0,0,0,0,0,0,0,0,0,0,0,2
5.14254,100.5139482,Daerah: Seberang Perai Selatan<br>No:x<br>Hex coord:(13;28),Perkampungan Sungai Kechil. Nibong Tebal. Seberang Perai. Malaysia,0,1,0,1,0,0,0,0,0,1,0,1,1,1,0,0,1,1,1,3,2,2,0,3,3,3,3,3,3,3,3,40
5.15032,100.5274826,Daerah: Seberang Perai Selatan<br>No:89<br>Hex coord:(14;28),Bukit Rantai. Seberang Perai Selatan. Malaysia,0,0,0,0,0,0,0,0,0,0,0,0,0,0,0,0,0,0,0,0,0,0,0,0,0,0,0,0,0,0,0,0
5.14254,100.5410171,Daerah: Seberang Perai Selatan<br>No:90<br>Hex coord:(15;28),South Seberang Perai District. Seberang Perai. Malaysia,0,0,0,0,0,0,0,0,0,0,0,0,0,0,0,0,0,0,0,0,0,0,0,0,0,0,0,0,0,0,0,0
5.15032,100.5545516,Daerah: Bandar Baharu<br>No:x<br>Hex coord:(16;28),Bandar Baharu. 34950 Kampung Permatang Simpor. Kedah. Malaysia,0,0,0,0,0,0,0,0,0,0,0,0,0,0,0,0,0,0,0,0,0,0,0,0,0,0,0,0,0,0,0,0
5.13476,100.3921379,Daerah: Seberang Perai Selatan<br>No:x<br>Hex coord:(4;29),Sungai Bakau,0,0,0,0,0,0,0,0,0,0,0,0,0,0,0,0,0,0,0,0,0,0,0,0,0,0,0,0,0,0,0,0
5.12698,100.4056724,Daerah: Seberang Perai Selatan<br>No:91<br>Hex coord:(5;29),Jalan Sungai Bakau Baru. Kampung Sungai Tongkang. Nibong Tebal. Penang. Malaysia,0,4,0,4,0,0,0,16,0,16,0,19,22,20,0,0,15,15,15,8,8,8,0,5,5,3,3,3,1,1,1,192
5.13476,100.4192068,Daerah: Seberang Perai Selatan<br>No:92<br>Hex coord:(6;29),Jalan Sungai Bakau. Kampung Sungai Tongkang. Nibong Tebal. Penang. Malaysia,0,0,0,0,0,0,0,0,0,0,0,0,0,0,0,0,1,1,1,1,1,1,0,1,1,1,1,0,0,0,0,10
5.12698,100.4327413,Daerah: Seberang Perai Selatan<br>No:93<br>Hex coord:(7;29),Jalan Sempadan. Sungai Bakau. Nibong Tebal. Penang. Malaysia,0,0,0,0,0,0,0,0,0,0,0,0,0,0,0,0,0,0,0,0,0,0,0,0,0,0,0,0,0,0,0,0
5.13476,100.4462758,Daerah: Seberang Perai Selatan<br>No:94<br>Hex coord:(8;29),Kampung Batu 3. Nibong Tebal. Seberang Perai. Malaysia,0,4,0,4,0,0,0,0,0,0,0,0,0,0,0,0,0,0,0,0,0,0,0,0,0,0,0,0,0,0,0,8
5.12698,100.4598103,Daerah: Seberang Perai Selatan<br>No:x<br>Hex coord:(9;29),Taman Putera. Nibong Tebal. Penang. Malaysia,0,5,0,5,0,0,0,1,0,1,0,1,1,0,0,0,0,1,1,1,1,1,0,1,1,1,1,1,1,0,0,25
5.13476,100.4733447,Daerah: Seberang Perai Selatan<br>No:95<br>Hex coord:(10;29),Taman Seri Emas. Nibong Tebal. Seberang Perai. Malaysia,0,29,0,26,0,0,0,41,0,42,0,42,47,51,0,0,27,29,27,33,33,30,0,30,26,25,17,17,15,13,14,614
5.12698,100.4868792,Daerah: Kerian<br>No:x<br>Hex coord:(11;29),Pekan Lama. 34200. Perak. Malaysia,0,56,0,43,0,0,0,46,0,52,0,50,47,51,0,0,45,46,43,40,38,33,0,34,32,35,26,21,19,17,27,801
5.13476,100.5274826,Daerah: Bandar Baharu<br>No:x<br>Hex coord:(14;29),Bukit Tebuan. Bandar Baharu. Malaysia,0,4,0,4,0,0,0,6,0,6,0,6,6,3,0,0,2,2,2,3,3,3,0,1,1,1,1,1,1,1,3,60
